Index,Angle,Antenna,Background,Code,longitude,GPSdate,GPStime,latitude,Strength,TowerID,TagID,AnimalID
2,246,2,0,"0.25,0.21,0.13",-80.375,04_06_23,0:38:33,43.629,31,TowerW13,457,RFO51907
0,195,1,0,"0.24,0.24,0.17",-80.35464,17_05_23,16:00:53,43.3793259,31,TowerR01,458,RF051703
1,211,3,0,"0.23,0.23,0.17",-80.35612,17_05_23,22:33:09,43.37776,32,TowerR04,458,RF051703
1,319,2,0,"0.25,0.22,0.18",-80.38,27_05_23,3:21:29,43.631,31,TowerW11,458,RF051703
1,295,1,0,"0.24,0.23,0.06",-80.355795,17_05_23,13:56:47,43.376593,32,TowerR07,459,RF051914
0,195,1,0,"0.24,0.24,0.07",-80.35464,19_05_23,14:41:02,43.3793259,32,TowerR01,459,RF051914
2,314,1,0,"0.25,0.24,0.08",-80.35612,29_05_23,19:38:43,43.37776,31,TowerR04,459,RF051914
2,142,2,0,"0.24,0.25,0.04",-80.35612,17_05_23,20:57:57,43.37776,32,TowerR04,461,RF051915
3,211,3,0,"0.25,0.25,0.05",-80.35612,17_05_23,22:01:06,43.37776,31,TowerR04,461,RF051915
71,64,3,0,"0.25,0.03,0.25",-80.355795,17_05_23,11:25:07,43.376593,33,TowerR07,462,RF051905
1,125,1,30,"0.25,0.05,0.25",-80.382,20_05_23,17:07:38,43.637,67,TowerW02,462,RF051905
3,45,1,0,"0.24,0.04,0.24",-80.35665,19_05_23,0:35:59,43.379106,31,TowerR06,462,RF051905
4,207,1,0,"0.26,0.03,0.25",-80.35175,02_06_23,16:46:08,43.37459,31,TowerR13,462,RF051905
2,75,2,0,"0.26,0.05,0.25",-80.35175,30_05_23,18:43:07,43.37459,31,TowerR13,462,RF051905
2,75,2,0,"0.25,0.04,0.18",-80.35175,30_05_23,22:44:47,43.37459,32,TowerR13,463,WN052301
7,211,3,0,"0.25,0.05,0.2",-80.35612,29_05_23,10:26:03,43.37776,37,TowerR04,463,WN052301
2,246,2,0,"0.26,0.06,0.2",-80.375,20_05_23,11:26:28,43.629,31,TowerW13,463,WN052301
11,194,3,0,"0.25,0.07,0.1",-80.35478,29_05_23,11:01:34,43.37793,32,TowerR03,465,RP051701
0,268,2,0,"0.25,0.08,0.1",-80.35422,17_05_23,12:05:36,43.37874,32,TowerR02,465,RP051701
1,75,2,0,"0.25,0.09,0.1",-80.35175,30_05_23,23:52:10,43.37459,31,TowerR13,465,RP051701
7,320,2,0,"0.25,0.07,0.11",-80.35464,19_05_23,1:35:20,43.3793259,31,TowerR01,465,RP051701
0,23,3,0,"0.25,0.08,0.11",-80.35464,17_05_23,12:37:36,43.3793259,31,TowerR01,465,RP051701
0,195,1,0,"0.25,0.08,0.11",-80.35464,17_05_23,12:38:17,43.3793259,34,TowerR01,465,RP051701
7,207,1,0,"0.25,0.07,0.12",-80.35175,18_05_23,8:54:18,43.37459,31,TowerR13,465,RP051701
0,75,2,0,"0.25,0.08,0.12",-80.35175,29_05_23,21:33:11,43.37459,31,TowerR13,465,RP051701
0,194,3,0,"0.26,0.08,0.12",-80.35478,21_05_23,18:34:40,43.37793,31,TowerR03,465,RP051701
2,211,3,0,"0.26,0.09,0.12",-80.35612,17_05_23,22:34:26,43.37776,32,TowerR04,465,RP051701
1,194,3,0,"0.25,0.1,0.04",-80.35478,01_06_23,2:52:38,43.37793,31,TowerR03,467,WF052311
32,211,3,0,"0.25,0.1,0.04",-80.35612,30_05_23,23:48:05,43.37776,32,TowerR04,467,WF052311
7,246,2,0,"0.25,0.09,0.06",-80.375,19_05_23,16:55:23,43.629,31,TowerW13,467,WF052311
2,92,1,0,"0.25,0.1,0.06",-80.383,18_05_23,17:06:40,43.636,31,TowerW03,467,WF052311
2,207,1,0,"0.24,0.09,0.05",-80.35175,19_05_23,17:08:48,43.37459,31,TowerR13,467,WF052311
13,75,2,0,"0.24,0.1,0.05",-80.35175,01_06_23,20:51:32,43.37459,32,TowerR13,467,WF052311
0,282,1,0,"0.24,0.11,0.05",-80.383,19_05_23,14:10:04,43.633,31,TowerW04,467,WF052311
1,320,2,0,"0.24,0.13,0.08",-80.35464,18_05_23,0:06:09,43.3793259,31,TowerR01,469,WF052303
2,125,1,30,"0.24,0.13,0.08",-80.382,19_05_23,16:40:02,43.637,63,TowerW02,469,WF052303
1,194,3,0,"0.26,0.12,0.09",-80.35478,31_05_23,22:34:01,43.37793,31,TowerR03,469,WF052303
3,75,2,0,"0.25,0.14,0.17",-80.35175,31_05_23,10:29:18,43.37459,31,TowerR13,470,RF051702
10,282,1,0,"0.25,0.15,0.22",-80.383,18_05_23,15:48:19,43.633,31,TowerW04,471,RF051903
2,295,1,0,"0.25,0.14,0.12",-80.355795,18_05_23,5:10:42,43.376593,31,TowerR07,472,RF051920
0,195,1,0,"0.25,0.15,0.12",-80.35464,19_05_23,15:43:40,43.3793259,32,TowerR01,472,RF051920
1,246,2,0,"0.25,0.14,0.13",-80.375,19_05_23,23:02:28,43.629,31,TowerW13,472,RF051920
5,75,2,0,"0.24,0.16,0.13",-80.35175,30_05_23,20:39:16,43.37459,32,TowerR13,472,RF051920
9,75,2,0,"0.25,0.17,0.09",-80.35175,18_05_23,3:46:19,43.37459,31,TowerR13,474,WN051802
1,224,2,43,"0.25,0.18,0.11",-80.382,20_05_23,7:26:17,43.637,80,TowerW02,474,WN051802
7,75,2,0,"0.26,0.17,0.11",-80.35175,18_05_23,1:36:26,43.37459,32,TowerR13,474,WN051802
0,246,2,0,"0.25,0.2,0.16",-80.375,31_05_23,14:40:36,43.629,31,TowerW13,476,WF051806
0,246,2,0,"0.25,0.2,0.16",-80.375,31_05_23,19:06:10,43.629,31,TowerW13,476,WF051806
0,246,2,0,"0.25,0.2,0.16",-80.375,01_06_23,0:29:01,43.629,31,TowerW13,476,WF051806
0,246,2,0,"0.25,0.2,0.16",-80.375,01_06_23,9:19:18,43.629,32,TowerW13,476,WF051806
0,246,2,0,"0.25,0.2,0.16",-80.375,01_06_23,12:42:41,43.629,32,TowerW13,476,WF051806
0,246,2,0,"0.25,0.2,0.16",-80.375,01_06_23,13:45:43,43.629,31,TowerW13,476,WF051806
0,246,2,0,"0.25,0.2,0.16",-80.375,01_06_23,17:47:41,43.629,32,TowerW13,476,WF051806
0,246,2,0,"0.25,0.2,0.16",-80.375,01_06_23,19:06:59,43.629,32,TowerW13,476,WF051806
6,246,2,0,"0.25,0.2,0.16",-80.375,02_06_23,3:40:21,43.629,31,TowerW13,476,WF051806
0,246,2,0,"0.25,0.2,0.16",-80.375,02_06_23,13:57:51,43.629,31,TowerW13,476,WF051806
0,246,2,0,"0.25,0.2,0.16",-80.375,03_06_23,0:43:27,43.629,31,TowerW13,476,WF051806
0,246,2,0,"0.25,0.2,0.16",-80.375,03_06_23,4:57:27,43.629,32,TowerW13,476,WF051806
0,246,2,0,"0.25,0.2,0.16",-80.375,03_06_23,5:05:29,43.629,31,TowerW13,476,WF051806
0,246,2,0,"0.25,0.2,0.16",-80.375,03_06_23,5:14:06,43.629,31,TowerW13,476,WF051806
0,246,2,0,"0.25,0.2,0.16",-80.375,03_06_23,11:47:24,43.629,31,TowerW13,476,WF051806
0,246,2,0,"0.25,0.2,0.16",-80.375,03_06_23,19:14:29,43.629,32,TowerW13,476,WF051806
0,246,2,0,"0.25,0.2,0.16",-80.375,03_06_23,21:40:19,43.629,31,TowerW13,476,WF051806
0,246,2,0,"0.25,0.2,0.16",-80.375,03_06_23,23:46:58,43.629,32,TowerW13,476,WF051806
0,246,2,0,"0.25,0.2,0.16",-80.375,04_06_23,0:56:24,43.629,31,TowerW13,476,WF051806
0,246,2,0,"0.25,0.2,0.16",-80.375,04_06_23,0:58:15,43.629,33,TowerW13,476,WF051806
0,246,2,0,"0.25,0.21,0.16",-80.375,31_05_23,9:18:44,43.629,32,TowerW13,476,WF051806
0,246,2,0,"0.25,0.21,0.16",-80.375,31_05_23,9:27:28,43.629,31,TowerW13,476,WF051806
0,246,2,0,"0.25,0.21,0.16",-80.375,31_05_23,10:44:06,43.629,31,TowerW13,476,WF051806
0,246,2,0,"0.25,0.21,0.16",-80.375,31_05_23,12:05:38,43.629,32,TowerW13,476,WF051806
0,246,2,0,"0.25,0.21,0.16",-80.375,31_05_23,12:09:01,43.629,31,TowerW13,476,WF051806
0,246,2,0,"0.25,0.21,0.16",-80.375,31_05_23,13:20:12,43.629,31,TowerW13,476,WF051806
0,246,2,0,"0.25,0.21,0.16",-80.375,31_05_23,14:21:38,43.629,31,TowerW13,476,WF051806
0,246,2,0,"0.25,0.21,0.16",-80.375,31_05_23,14:38:25,43.629,32,TowerW13,476,WF051806
0,246,2,0,"0.25,0.21,0.16",-80.375,31_05_23,17:44:03,43.629,32,TowerW13,476,WF051806
0,246,2,0,"0.25,0.21,0.16",-80.375,31_05_23,18:11:48,43.629,31,TowerW13,476,WF051806
0,246,2,0,"0.25,0.21,0.16",-80.375,31_05_23,18:14:41,43.629,31,TowerW13,476,WF051806
0,246,2,0,"0.25,0.21,0.16",-80.375,31_05_23,22:07:11,43.629,32,TowerW13,476,WF051806
0,246,2,0,"0.25,0.21,0.16",-80.375,01_06_23,0:27:11,43.629,32,TowerW13,476,WF051806
0,246,2,0,"0.25,0.21,0.16",-80.375,01_06_23,1:15:00,43.629,32,TowerW13,476,WF051806
0,246,2,0,"0.25,0.21,0.16",-80.375,01_06_23,2:34:20,43.629,32,TowerW13,476,WF051806
0,246,2,0,"0.25,0.21,0.16",-80.375,01_06_23,2:36:10,43.629,32,TowerW13,476,WF051806
0,246,2,0,"0.25,0.21,0.16",-80.375,01_06_23,2:38:36,43.629,32,TowerW13,476,WF051806
0,246,2,0,"0.25,0.21,0.16",-80.375,01_06_23,2:55:15,43.629,33,TowerW13,476,WF051806
0,246,2,0,"0.25,0.21,0.16",-80.375,01_06_23,4:11:24,43.629,31,TowerW13,476,WF051806
0,246,2,0,"0.25,0.21,0.16",-80.375,01_06_23,7:21:48,43.629,32,TowerW13,476,WF051806
0,246,2,0,"0.25,0.21,0.16",-80.375,01_06_23,8:00:56,43.629,31,TowerW13,476,WF051806
0,246,2,0,"0.25,0.21,0.16",-80.375,01_06_23,8:02:10,43.629,32,TowerW13,476,WF051806
0,246,2,0,"0.25,0.21,0.16",-80.375,01_06_23,8:12:37,43.629,31,TowerW13,476,WF051806
0,246,2,0,"0.25,0.21,0.16",-80.375,01_06_23,8:20:03,43.629,31,TowerW13,476,WF051806
0,246,2,0,"0.25,0.21,0.16",-80.375,01_06_23,8:21:16,43.629,32,TowerW13,476,WF051806
0,246,2,0,"0.25,0.21,0.16",-80.375,01_06_23,8:34:16,43.629,31,TowerW13,476,WF051806
0,246,2,0,"0.25,0.21,0.16",-80.375,01_06_23,8:43:40,43.629,33,TowerW13,476,WF051806
0,246,2,0,"0.25,0.21,0.16",-80.375,01_06_23,8:44:59,43.629,32,TowerW13,476,WF051806
0,246,2,0,"0.25,0.21,0.16",-80.375,01_06_23,8:49:29,43.629,31,TowerW13,476,WF051806
0,246,2,0,"0.25,0.21,0.16",-80.375,01_06_23,9:00:26,43.629,32,TowerW13,476,WF051806
0,246,2,0,"0.25,0.21,0.16",-80.375,01_06_23,9:44:37,43.629,32,TowerW13,476,WF051806
0,246,2,0,"0.25,0.21,0.16",-80.375,01_06_23,10:11:37,43.629,32,TowerW13,476,WF051806
0,246,2,0,"0.25,0.21,0.16",-80.375,01_06_23,10:14:09,43.629,32,TowerW13,476,WF051806
0,246,2,0,"0.25,0.21,0.16",-80.375,01_06_23,10:15:00,43.629,31,TowerW13,476,WF051806
0,246,2,0,"0.25,0.21,0.16",-80.375,01_06_23,11:03:39,43.629,32,TowerW13,476,WF051806
0,246,2,0,"0.25,0.21,0.16",-80.375,01_06_23,11:54:24,43.629,31,TowerW13,476,WF051806
0,246,2,0,"0.25,0.21,0.16",-80.375,01_06_23,12:58:30,43.629,31,TowerW13,476,WF051806
0,246,2,0,"0.25,0.21,0.16",-80.375,01_06_23,13:05:19,43.629,31,TowerW13,476,WF051806
0,246,2,0,"0.25,0.21,0.16",-80.375,01_06_23,13:08:43,43.629,32,TowerW13,476,WF051806
0,246,2,0,"0.25,0.21,0.16",-80.375,01_06_23,13:23:13,43.629,31,TowerW13,476,WF051806
0,246,2,0,"0.25,0.21,0.16",-80.375,01_06_23,13:47:25,43.629,31,TowerW13,476,WF051806
0,246,2,0,"0.25,0.21,0.16",-80.375,01_06_23,14:24:31,43.629,32,TowerW13,476,WF051806
0,246,2,0,"0.25,0.21,0.16",-80.375,01_06_23,16:12:55,43.629,32,TowerW13,476,WF051806
0,246,2,0,"0.25,0.21,0.16",-80.375,01_06_23,16:43:49,43.629,31,TowerW13,476,WF051806
0,246,2,0,"0.25,0.21,0.16",-80.375,01_06_23,16:47:12,43.629,31,TowerW13,476,WF051806
0,246,2,0,"0.25,0.21,0.16",-80.375,01_06_23,17:14:35,43.629,32,TowerW13,476,WF051806
0,246,2,0,"0.25,0.21,0.16",-80.375,01_06_23,17:22:23,43.629,32,TowerW13,476,WF051806
0,246,2,0,"0.25,0.21,0.16",-80.375,01_06_23,17:35:24,43.629,32,TowerW13,476,WF051806
0,246,2,0,"0.25,0.21,0.16",-80.375,01_06_23,17:37:41,43.629,32,TowerW13,476,WF051806
0,246,2,0,"0.25,0.21,0.16",-80.375,01_06_23,17:40:45,43.629,32,TowerW13,476,WF051806
0,246,2,0,"0.25,0.21,0.16",-80.375,01_06_23,18:01:40,43.629,32,TowerW13,476,WF051806
1,246,2,0,"0.25,0.21,0.16",-80.375,01_06_23,20:39:41,43.629,32,TowerW13,476,WF051806
0,246,2,0,"0.25,0.21,0.16",-80.375,01_06_23,22:38:24,43.629,31,TowerW13,476,WF051806
0,246,2,0,"0.25,0.21,0.16",-80.375,01_06_23,22:59:28,43.629,32,TowerW13,476,WF051806
0,246,2,0,"0.25,0.21,0.16",-80.375,02_06_23,0:49:26,43.629,31,TowerW13,476,WF051806
0,246,2,0,"0.25,0.21,0.16",-80.375,02_06_23,2:37:13,43.629,32,TowerW13,476,WF051806
0,246,2,0,"0.25,0.21,0.16",-80.375,02_06_23,4:28:38,43.629,31,TowerW13,476,WF051806
0,246,2,0,"0.25,0.21,0.16",-80.375,02_06_23,7:00:35,43.629,31,TowerW13,476,WF051806
6,246,2,0,"0.25,0.21,0.16",-80.375,02_06_23,7:44:08,43.629,32,TowerW13,476,WF051806
0,246,2,0,"0.25,0.21,0.16",-80.375,02_06_23,8:55:25,43.629,31,TowerW13,476,WF051806
0,246,2,0,"0.25,0.21,0.16",-80.375,02_06_23,8:58:48,43.629,31,TowerW13,476,WF051806
0,246,2,0,"0.25,0.21,0.16",-80.375,02_06_23,9:12:28,43.629,32,TowerW13,476,WF051806
0,246,2,0,"0.25,0.21,0.16",-80.375,02_06_23,9:56:29,43.629,32,TowerW13,476,WF051806
0,246,2,0,"0.25,0.21,0.16",-80.375,02_06_23,10:08:46,43.629,32,TowerW13,476,WF051806
0,246,2,0,"0.25,0.21,0.16",-80.375,02_06_23,11:08:15,43.629,32,TowerW13,476,WF051806
0,246,2,0,"0.25,0.21,0.16",-80.375,02_06_23,12:12:44,43.629,31,TowerW13,476,WF051806
0,246,2,0,"0.25,0.21,0.16",-80.375,02_06_23,13:53:12,43.629,32,TowerW13,476,WF051806
0,246,2,0,"0.25,0.21,0.16",-80.375,02_06_23,17:44:36,43.629,32,TowerW13,476,WF051806
0,246,2,0,"0.25,0.21,0.16",-80.375,02_06_23,18:44:42,43.629,31,TowerW13,476,WF051806
0,246,2,0,"0.25,0.21,0.16",-80.375,02_06_23,18:47:36,43.629,33,TowerW13,476,WF051806
0,246,2,0,"0.25,0.21,0.16",-80.375,02_06_23,20:27:44,43.629,31,TowerW13,476,WF051806
0,246,2,0,"0.25,0.21,0.16",-80.375,02_06_23,21:45:06,43.629,32,TowerW13,476,WF051806
0,246,2,0,"0.25,0.21,0.16",-80.375,02_06_23,22:25:21,43.629,31,TowerW13,476,WF051806
0,246,2,0,"0.25,0.21,0.16",-80.375,03_06_23,0:42:13,43.629,32,TowerW13,476,WF051806
0,246,2,0,"0.25,0.21,0.16",-80.375,03_06_23,0:57:40,43.629,31,TowerW13,476,WF051806
0,246,2,0,"0.25,0.21,0.16",-80.375,03_06_23,2:05:05,43.629,32,TowerW13,476,WF051806
0,246,2,0,"0.25,0.21,0.16",-80.375,03_06_23,2:25:31,43.629,31,TowerW13,476,WF051806
0,246,2,0,"0.25,0.21,0.16",-80.375,03_06_23,2:31:05,43.629,31,TowerW13,476,WF051806
0,246,2,0,"0.25,0.21,0.16",-80.375,03_06_23,5:07:18,43.629,31,TowerW13,476,WF051806
0,246,2,0,"0.25,0.21,0.16",-80.375,03_06_23,5:07:55,43.629,31,TowerW13,476,WF051806
0,246,2,0,"0.25,0.21,0.16",-80.375,03_06_23,5:47:33,43.629,31,TowerW13,476,WF051806
0,246,2,0,"0.25,0.21,0.16",-80.375,03_06_23,6:17:08,43.629,32,TowerW13,476,WF051806
0,246,2,0,"0.25,0.21,0.16",-80.375,03_06_23,7:43:00,43.629,32,TowerW13,476,WF051806
0,246,2,0,"0.25,0.21,0.16",-80.375,03_06_23,9:20:41,43.629,31,TowerW13,476,WF051806
0,246,2,0,"0.25,0.21,0.16",-80.375,03_06_23,9:49:32,43.629,31,TowerW13,476,WF051806
0,246,2,0,"0.25,0.21,0.16",-80.375,03_06_23,9:59:01,43.629,33,TowerW13,476,WF051806
0,246,2,0,"0.25,0.21,0.16",-80.375,03_06_23,10:29:40,43.629,31,TowerW13,476,WF051806
0,246,2,0,"0.25,0.21,0.16",-80.375,03_06_23,10:48:02,43.629,32,TowerW13,476,WF051806
2,246,2,0,"0.25,0.21,0.16",-80.375,03_06_23,13:11:20,43.629,32,TowerW13,476,WF051806
0,246,2,0,"0.25,0.21,0.16",-80.375,03_06_23,14:08:09,43.629,32,TowerW13,476,WF051806
0,246,2,0,"0.25,0.21,0.16",-80.375,03_06_23,14:56:27,43.629,32,TowerW13,476,WF051806
0,246,2,0,"0.25,0.21,0.16",-80.375,03_06_23,15:25:32,43.629,31,TowerW13,476,WF051806
0,246,2,0,"0.25,0.21,0.16",-80.375,03_06_23,15:43:02,43.629,31,TowerW13,476,WF051806
0,246,2,0,"0.25,0.21,0.16",-80.375,03_06_23,16:22:57,43.629,32,TowerW13,476,WF051806
0,246,2,0,"0.25,0.21,0.16",-80.375,03_06_23,16:57:42,43.629,31,TowerW13,476,WF051806
0,246,2,0,"0.25,0.21,0.16",-80.375,03_06_23,17:13:55,43.629,32,TowerW13,476,WF051806
0,246,2,0,"0.25,0.21,0.16",-80.375,03_06_23,17:36:25,43.629,32,TowerW13,476,WF051806
0,246,2,0,"0.25,0.21,0.16",-80.375,03_06_23,17:54:39,43.629,31,TowerW13,476,WF051806
0,246,2,0,"0.25,0.21,0.16",-80.375,03_06_23,18:33:21,43.629,32,TowerW13,476,WF051806
0,246,2,0,"0.25,0.21,0.16",-80.375,03_06_23,18:41:51,43.629,31,TowerW13,476,WF051806
0,246,2,0,"0.25,0.21,0.16",-80.375,03_06_23,19:01:12,43.629,32,TowerW13,476,WF051806
0,246,2,0,"0.25,0.21,0.16",-80.375,03_06_23,19:04:21,43.629,31,TowerW13,476,WF051806
0,246,2,0,"0.25,0.21,0.16",-80.375,03_06_23,20:14:48,43.629,32,TowerW13,476,WF051806
0,246,2,0,"0.25,0.21,0.16",-80.375,03_06_23,22:30:26,43.629,31,TowerW13,476,WF051806
0,246,2,0,"0.25,0.21,0.16",-80.375,03_06_23,22:53:56,43.629,32,TowerW13,476,WF051806
0,246,2,0,"0.25,0.21,0.16",-80.375,03_06_23,23:56:13,43.629,32,TowerW13,476,WF051806
0,246,2,0,"0.25,0.21,0.16",-80.375,04_06_23,0:27:56,43.629,32,TowerW13,476,WF051806
0,246,2,0,"0.25,0.21,0.16",-80.375,04_06_23,0:33:34,43.629,32,TowerW13,476,WF051806
0,246,2,0,"0.25,0.21,0.16",-80.375,04_06_23,0:55:48,43.629,32,TowerW13,476,WF051806
0,246,2,0,"0.25,0.21,0.16",-80.375,04_06_23,3:06:58,43.629,32,TowerW13,476,WF051806
0,246,2,0,"0.25,0.21,0.16",-80.375,04_06_23,3:29:56,43.629,33,TowerW13,476,WF051806
0,348,2,0,"0.25,0.2,0.17",-80.383,18_05_23,13:57:45,43.636,31,TowerW03,476,WF051806
0,246,2,0,"0.25,0.2,0.17",-80.375,31_05_23,10:10:25,43.629,32,TowerW13,476,WF051806
0,246,2,0,"0.25,0.2,0.17",-80.375,31_05_23,10:13:42,43.629,33,TowerW13,476,WF051806
0,246,2,0,"0.25,0.2,0.17",-80.375,31_05_23,11:00:55,43.629,32,TowerW13,476,WF051806
0,246,2,0,"0.25,0.2,0.17",-80.375,31_05_23,11:15:01,43.629,31,TowerW13,476,WF051806
0,246,2,0,"0.25,0.2,0.17",-80.375,31_05_23,11:18:10,43.629,31,TowerW13,476,WF051806
1,246,2,0,"0.25,0.2,0.17",-80.375,31_05_23,11:28:01,43.629,31,TowerW13,476,WF051806
0,246,2,0,"0.25,0.2,0.17",-80.375,31_05_23,11:42:23,43.629,32,TowerW13,476,WF051806
0,246,2,0,"0.25,0.2,0.17",-80.375,31_05_23,12:01:37,43.629,32,TowerW13,476,WF051806
0,246,2,0,"0.25,0.2,0.17",-80.375,31_05_23,12:18:10,43.629,32,TowerW13,476,WF051806
0,246,2,0,"0.25,0.2,0.17",-80.375,31_05_23,12:37:36,43.629,31,TowerW13,476,WF051806
0,246,2,0,"0.25,0.2,0.17",-80.375,31_05_23,13:05:07,43.629,31,TowerW13,476,WF051806
0,246,2,0,"0.25,0.2,0.17",-80.375,31_05_23,13:14:21,43.629,31,TowerW13,476,WF051806
0,246,2,0,"0.25,0.2,0.17",-80.375,31_05_23,13:22:31,43.629,32,TowerW13,476,WF051806
0,246,2,0,"0.25,0.2,0.17",-80.375,31_05_23,13:26:03,43.629,31,TowerW13,476,WF051806
0,246,2,0,"0.25,0.2,0.17",-80.375,31_05_23,14:00:50,43.629,32,TowerW13,476,WF051806
0,246,2,0,"0.25,0.2,0.17",-80.375,31_05_23,14:26:09,43.629,31,TowerW13,476,WF051806
0,246,2,0,"0.25,0.2,0.17",-80.375,31_05_23,15:00:47,43.629,32,TowerW13,476,WF051806
0,246,2,0,"0.25,0.2,0.17",-80.375,31_05_23,15:06:23,43.629,31,TowerW13,476,WF051806
0,246,2,0,"0.25,0.2,0.17",-80.375,31_05_23,15:07:15,43.629,31,TowerW13,476,WF051806
0,246,2,0,"0.25,0.2,0.17",-80.375,31_05_23,15:11:51,43.629,32,TowerW13,476,WF051806
0,246,2,0,"0.25,0.2,0.17",-80.375,31_05_23,15:21:44,43.629,32,TowerW13,476,WF051806
0,246,2,0,"0.25,0.2,0.17",-80.375,31_05_23,15:26:05,43.629,31,TowerW13,476,WF051806
0,246,2,0,"0.25,0.2,0.17",-80.375,31_05_23,15:27:49,43.629,31,TowerW13,476,WF051806
0,246,2,0,"0.25,0.2,0.17",-80.375,31_05_23,15:47:16,43.629,32,TowerW13,476,WF051806
0,246,2,0,"0.25,0.2,0.17",-80.375,31_05_23,15:54:34,43.629,31,TowerW13,476,WF051806
0,246,2,0,"0.25,0.2,0.17",-80.375,31_05_23,17:04:01,43.629,32,TowerW13,476,WF051806
0,246,2,0,"0.25,0.2,0.17",-80.375,31_05_23,18:13:58,43.629,32,TowerW13,476,WF051806
0,246,2,0,"0.25,0.2,0.17",-80.375,31_05_23,19:37:25,43.629,31,TowerW13,476,WF051806
0,246,2,0,"0.25,0.2,0.17",-80.375,31_05_23,20:26:28,43.629,32,TowerW13,476,WF051806
0,246,2,0,"0.25,0.2,0.17",-80.375,31_05_23,21:56:42,43.629,32,TowerW13,476,WF051806
0,246,2,0,"0.25,0.2,0.17",-80.375,31_05_23,22:43:40,43.629,32,TowerW13,476,WF051806
0,246,2,0,"0.25,0.2,0.17",-80.375,31_05_23,23:08:23,43.629,32,TowerW13,476,WF051806
0,246,2,0,"0.25,0.2,0.17",-80.375,31_05_23,23:25:53,43.629,32,TowerW13,476,WF051806
0,246,2,0,"0.25,0.2,0.17",-80.375,31_05_23,23:55:33,43.629,32,TowerW13,476,WF051806
0,246,2,0,"0.25,0.2,0.17",-80.375,01_06_23,0:09:05,43.629,32,TowerW13,476,WF051806
0,246,2,0,"0.25,0.2,0.17",-80.375,01_06_23,0:27:48,43.629,31,TowerW13,476,WF051806
0,246,2,0,"0.25,0.2,0.17",-80.375,01_06_23,0:46:53,43.629,32,TowerW13,476,WF051806
0,246,2,0,"0.25,0.2,0.17",-80.375,01_06_23,0:47:30,43.629,32,TowerW13,476,WF051806
0,246,2,0,"0.25,0.2,0.17",-80.375,01_06_23,0:50:34,43.629,31,TowerW13,476,WF051806
0,246,2,0,"0.25,0.2,0.17",-80.375,01_06_23,0:53:00,43.629,31,TowerW13,476,WF051806
0,246,2,0,"0.25,0.2,0.17",-80.375,01_06_23,0:59:11,43.629,32,TowerW13,476,WF051806
0,246,2,0,"0.25,0.2,0.17",-80.375,01_06_23,1:00:25,43.629,32,TowerW13,476,WF051806
0,246,2,0,"0.25,0.2,0.17",-80.375,01_06_23,1:07:14,43.629,31,TowerW13,476,WF051806
0,246,2,0,"0.25,0.2,0.17",-80.375,01_06_23,1:14:23,43.629,31,TowerW13,476,WF051806
0,246,2,0,"0.25,0.2,0.17",-80.375,01_06_23,2:23:14,43.629,32,TowerW13,476,WF051806
0,246,2,0,"0.25,0.2,0.17",-80.375,01_06_23,2:33:43,43.629,34,TowerW13,476,WF051806
0,246,2,0,"0.25,0.2,0.17",-80.375,01_06_23,2:47:50,43.629,31,TowerW13,476,WF051806
0,246,2,0,"0.25,0.2,0.17",-80.375,01_06_23,2:48:27,43.629,31,TowerW13,476,WF051806
0,246,2,0,"0.25,0.2,0.17",-80.375,01_06_23,2:55:52,43.629,32,TowerW13,476,WF051806
0,246,2,0,"0.25,0.2,0.17",-80.375,01_06_23,3:06:57,43.629,31,TowerW13,476,WF051806
0,246,2,0,"0.25,0.2,0.17",-80.375,01_06_23,3:38:41,43.629,31,TowerW13,476,WF051806
0,246,2,0,"0.25,0.2,0.17",-80.375,01_06_23,3:46:42,43.629,31,TowerW13,476,WF051806
0,246,2,0,"0.25,0.2,0.17",-80.375,01_06_23,3:46:42,43.629,31,TowerW13,476,WF051806
0,246,2,0,"0.25,0.2,0.17",-80.375,01_06_23,3:47:56,43.629,31,TowerW13,476,WF051806
0,246,2,0,"0.25,0.2,0.17",-80.375,01_06_23,4:22:35,43.629,32,TowerW13,476,WF051806
0,246,2,0,"0.25,0.2,0.17",-80.375,01_06_23,4:55:13,43.629,31,TowerW13,476,WF051806
0,246,2,0,"0.25,0.2,0.17",-80.375,01_06_23,5:00:46,43.629,32,TowerW13,476,WF051806
0,246,2,0,"0.25,0.2,0.17",-80.375,01_06_23,5:03:14,43.629,31,TowerW13,476,WF051806
0,246,2,0,"0.25,0.2,0.17",-80.375,01_06_23,5:11:15,43.629,31,TowerW13,476,WF051806
0,246,2,0,"0.25,0.2,0.17",-80.375,01_06_23,5:11:51,43.629,32,TowerW13,476,WF051806
0,246,2,0,"0.25,0.2,0.17",-80.375,01_06_23,5:12:28,43.629,31,TowerW13,476,WF051806
0,246,2,0,"0.25,0.2,0.17",-80.375,01_06_23,5:13:05,43.629,31,TowerW13,476,WF051806
0,246,2,0,"0.25,0.2,0.17",-80.375,01_06_23,5:13:41,43.629,32,TowerW13,476,WF051806
0,246,2,0,"0.25,0.2,0.17",-80.375,01_06_23,6:17:10,43.629,32,TowerW13,476,WF051806
0,246,2,0,"0.25,0.2,0.17",-80.375,01_06_23,6:19:37,43.629,32,TowerW13,476,WF051806
0,246,2,0,"0.25,0.2,0.17",-80.375,01_06_23,6:20:14,43.629,32,TowerW13,476,WF051806
0,246,2,0,"0.25,0.2,0.17",-80.375,01_06_23,6:29:28,43.629,32,TowerW13,476,WF051806
0,246,2,0,"0.25,0.2,0.17",-80.375,01_06_23,6:48:43,43.629,32,TowerW13,476,WF051806
0,246,2,0,"0.25,0.2,0.17",-80.375,01_06_23,7:19:21,43.629,31,TowerW13,476,WF051806
0,246,2,0,"0.25,0.2,0.17",-80.375,01_06_23,7:50:29,43.629,31,TowerW13,476,WF051806
0,246,2,0,"0.25,0.2,0.17",-80.375,01_06_23,7:51:06,43.629,32,TowerW13,476,WF051806
0,246,2,0,"0.25,0.2,0.17",-80.375,01_06_23,7:51:43,43.629,31,TowerW13,476,WF051806
0,246,2,0,"0.25,0.2,0.17",-80.375,01_06_23,8:15:05,43.629,32,TowerW13,476,WF051806
0,246,2,0,"0.25,0.2,0.17",-80.375,01_06_23,8:15:41,43.629,32,TowerW13,476,WF051806
0,246,2,0,"0.25,0.2,0.17",-80.375,01_06_23,8:21:53,43.629,31,TowerW13,476,WF051806
0,246,2,0,"0.25,0.2,0.17",-80.375,01_06_23,8:23:06,43.629,32,TowerW13,476,WF051806
0,246,2,0,"0.25,0.2,0.17",-80.375,01_06_23,8:43:02,43.629,31,TowerW13,476,WF051806
0,246,2,0,"0.25,0.2,0.17",-80.375,01_06_23,8:57:10,43.629,31,TowerW13,476,WF051806
0,246,2,0,"0.25,0.2,0.17",-80.375,01_06_23,9:01:46,43.629,31,TowerW13,476,WF051806
0,246,2,0,"0.25,0.2,0.17",-80.375,01_06_23,9:21:21,43.629,31,TowerW13,476,WF051806
0,246,2,0,"0.25,0.2,0.17",-80.375,01_06_23,9:26:57,43.629,32,TowerW13,476,WF051806
0,246,2,0,"0.25,0.2,0.17",-80.375,01_06_23,9:40:06,43.629,32,TowerW13,476,WF051806
0,246,2,0,"0.25,0.2,0.17",-80.375,01_06_23,9:46:55,43.629,32,TowerW13,476,WF051806
0,246,2,0,"0.25,0.2,0.17",-80.375,01_06_23,10:06:37,43.629,32,TowerW13,476,WF051806
0,246,2,0,"0.25,0.2,0.17",-80.375,01_06_23,10:13:19,43.629,31,TowerW13,476,WF051806
0,246,2,0,"0.25,0.2,0.17",-80.375,01_06_23,10:16:43,43.629,32,TowerW13,476,WF051806
0,246,2,0,"0.25,0.2,0.17",-80.375,01_06_23,10:59:31,43.629,32,TowerW13,476,WF051806
0,246,2,0,"0.25,0.2,0.17",-80.375,01_06_23,11:26:24,43.629,31,TowerW13,476,WF051806
0,246,2,0,"0.25,0.2,0.17",-80.375,01_06_23,11:44:19,43.629,32,TowerW13,476,WF051806
0,246,2,0,"0.25,0.2,0.17",-80.375,01_06_23,12:12:40,43.629,31,TowerW13,476,WF051806
0,246,2,0,"0.25,0.2,0.17",-80.375,01_06_23,12:41:43,43.629,31,TowerW13,476,WF051806
0,246,2,0,"0.25,0.2,0.17",-80.375,01_06_23,13:31:07,43.629,32,TowerW13,476,WF051806
0,246,2,0,"0.25,0.2,0.17",-80.375,01_06_23,13:35:29,43.629,32,TowerW13,476,WF051806
0,246,2,0,"0.25,0.2,0.17",-80.375,01_06_23,13:57:30,43.629,31,TowerW13,476,WF051806
0,246,2,0,"0.25,0.2,0.17",-80.375,01_06_23,14:01:10,43.629,32,TowerW13,476,WF051806
0,246,2,0,"0.25,0.2,0.17",-80.375,01_06_23,14:07:51,43.629,32,TowerW13,476,WF051806
0,246,2,0,"0.25,0.2,0.17",-80.375,01_06_23,14:08:49,43.629,32,TowerW13,476,WF051806
0,246,2,0,"0.25,0.2,0.17",-80.375,01_06_23,14:14:55,43.629,32,TowerW13,476,WF051806
0,246,2,0,"0.25,0.2,0.17",-80.375,01_06_23,14:18:04,43.629,32,TowerW13,476,WF051806
0,246,2,0,"0.25,0.2,0.17",-80.375,01_06_23,15:49:04,43.629,31,TowerW13,476,WF051806
0,246,2,0,"0.25,0.2,0.17",-80.375,01_06_23,15:50:03,43.629,31,TowerW13,476,WF051806
0,246,2,0,"0.25,0.2,0.17",-80.375,01_06_23,17:23:56,43.629,31,TowerW13,476,WF051806
0,246,2,0,"0.25,0.2,0.17",-80.375,01_06_23,17:38:26,43.629,32,TowerW13,476,WF051806
3,246,2,0,"0.25,0.2,0.17",-80.375,01_06_23,17:56:19,43.629,32,TowerW13,476,WF051806
0,246,2,0,"0.25,0.2,0.17",-80.375,01_06_23,18:40:42,43.629,31,TowerW13,476,WF051806
0,246,2,0,"0.25,0.2,0.17",-80.375,01_06_23,19:17:12,43.629,32,TowerW13,476,WF051806
0,246,2,0,"0.25,0.2,0.17",-80.375,01_06_23,19:44:06,43.629,31,TowerW13,476,WF051806
0,246,2,0,"0.25,0.2,0.17",-80.375,01_06_23,19:49:26,43.629,31,TowerW13,476,WF051806
1,246,2,0,"0.25,0.2,0.17",-80.375,01_06_23,20:37:07,43.629,31,TowerW13,476,WF051806
0,246,2,0,"0.25,0.2,0.17",-80.375,01_06_23,20:52:34,43.629,32,TowerW13,476,WF051806
0,246,2,0,"0.25,0.2,0.17",-80.375,01_06_23,21:00:06,43.629,32,TowerW13,476,WF051806
0,246,2,0,"0.25,0.2,0.17",-80.375,01_06_23,22:40:51,43.629,32,TowerW13,476,WF051806
0,246,2,0,"0.25,0.2,0.17",-80.375,02_06_23,0:50:03,43.629,31,TowerW13,476,WF051806
0,246,2,0,"0.25,0.2,0.17",-80.375,02_06_23,1:13:46,43.629,32,TowerW13,476,WF051806
0,246,2,0,"0.25,0.2,0.17",-80.375,02_06_23,1:53:55,43.629,32,TowerW13,476,WF051806
0,246,2,0,"0.25,0.2,0.17",-80.375,02_06_23,2:28:34,43.629,32,TowerW13,476,WF051806
0,246,2,0,"0.25,0.2,0.17",-80.375,02_06_23,3:01:32,43.629,31,TowerW13,476,WF051806
4,246,2,0,"0.25,0.2,0.17",-80.375,02_06_23,3:38:31,43.629,31,TowerW13,476,WF051806
0,246,2,0,"0.25,0.2,0.17",-80.375,02_06_23,4:05:17,43.629,31,TowerW13,476,WF051806
0,246,2,0,"0.25,0.2,0.17",-80.375,02_06_23,4:07:44,43.629,32,TowerW13,476,WF051806
0,246,2,0,"0.25,0.2,0.17",-80.375,02_06_23,4:50:47,43.629,31,TowerW13,476,WF051806
0,246,2,0,"0.25,0.2,0.17",-80.375,02_06_23,4:51:24,43.629,32,TowerW13,476,WF051806
0,246,2,0,"0.25,0.2,0.17",-80.375,02_06_23,5:07:43,43.629,31,TowerW13,476,WF051806
0,246,2,0,"0.25,0.2,0.17",-80.375,02_06_23,7:20:40,43.629,32,TowerW13,476,WF051806
0,246,2,0,"0.25,0.2,0.17",-80.375,02_06_23,8:22:35,43.629,32,TowerW13,476,WF051806
0,246,2,0,"0.25,0.2,0.17",-80.375,02_06_23,9:16:34,43.629,31,TowerW13,476,WF051806
0,246,2,0,"0.25,0.2,0.17",-80.375,02_06_23,9:22:03,43.629,31,TowerW13,476,WF051806
0,246,2,0,"0.25,0.2,0.17",-80.375,02_06_23,9:40:40,43.629,32,TowerW13,476,WF051806
0,246,2,0,"0.25,0.2,0.17",-80.375,02_06_23,9:42:09,43.629,31,TowerW13,476,WF051806
0,246,2,0,"0.25,0.2,0.17",-80.375,02_06_23,9:47:21,43.629,32,TowerW13,476,WF051806
0,246,2,0,"0.25,0.2,0.17",-80.375,02_06_23,9:50:25,43.629,31,TowerW13,476,WF051806
0,246,2,0,"0.25,0.2,0.17",-80.375,02_06_23,10:17:31,43.629,32,TowerW13,476,WF051806
0,246,2,0,"0.25,0.2,0.17",-80.375,02_06_23,10:29:49,43.629,32,TowerW13,476,WF051806
0,246,2,0,"0.25,0.2,0.17",-80.375,02_06_23,10:35:39,43.629,31,TowerW13,476,WF051806
0,246,2,0,"0.25,0.2,0.17",-80.375,02_06_23,10:44:03,43.629,32,TowerW13,476,WF051806
0,246,2,0,"0.25,0.2,0.17",-80.375,02_06_23,10:44:54,43.629,31,TowerW13,476,WF051806
0,246,2,0,"0.25,0.2,0.17",-80.375,02_06_23,10:45:45,43.629,32,TowerW13,476,WF051806
0,246,2,0,"0.25,0.2,0.17",-80.375,02_06_23,11:02:19,43.629,31,TowerW13,476,WF051806
0,246,2,0,"0.25,0.2,0.17",-80.375,02_06_23,11:40:01,43.629,31,TowerW13,476,WF051806
0,246,2,0,"0.25,0.2,0.17",-80.375,02_06_23,11:48:24,43.629,32,TowerW13,476,WF051806
0,246,2,0,"0.25,0.2,0.17",-80.375,02_06_23,11:54:52,43.629,31,TowerW13,476,WF051806
0,246,2,0,"0.25,0.2,0.17",-80.375,02_06_23,12:13:50,43.629,31,TowerW13,476,WF051806
0,246,2,0,"0.25,0.2,0.17",-80.375,02_06_23,12:23:49,43.629,32,TowerW13,476,WF051806
0,246,2,0,"0.25,0.2,0.17",-80.375,02_06_23,12:42:46,43.629,31,TowerW13,476,WF051806
0,246,2,0,"0.25,0.2,0.17",-80.375,02_06_23,12:55:20,43.629,32,TowerW13,476,WF051806
0,246,2,0,"0.25,0.2,0.17",-80.375,02_06_23,13:42:45,43.629,31,TowerW13,476,WF051806
0,246,2,0,"0.25,0.2,0.17",-80.375,02_06_23,13:55:31,43.629,31,TowerW13,476,WF051806
0,246,2,0,"0.25,0.2,0.17",-80.375,02_06_23,14:00:10,43.629,32,TowerW13,476,WF051806
0,246,2,0,"0.25,0.2,0.17",-80.375,02_06_23,14:04:47,43.629,31,TowerW13,476,WF051806
0,246,2,0,"0.25,0.2,0.17",-80.375,02_06_23,15:01:57,43.629,32,TowerW13,476,WF051806
0,246,2,0,"0.25,0.2,0.17",-80.375,02_06_23,15:06:19,43.629,31,TowerW13,476,WF051806
0,246,2,0,"0.25,0.2,0.17",-80.375,02_06_23,15:47:13,43.629,31,TowerW13,476,WF051806
0,246,2,0,"0.25,0.2,0.17",-80.375,02_06_23,15:55:29,43.629,31,TowerW13,476,WF051806
0,246,2,0,"0.25,0.2,0.17",-80.375,02_06_23,17:15:46,43.629,32,TowerW13,476,WF051806
0,246,2,0,"0.25,0.2,0.17",-80.375,02_06_23,17:54:26,43.629,31,TowerW13,476,WF051806
0,246,2,0,"0.25,0.2,0.17",-80.375,02_06_23,18:05:38,43.629,31,TowerW13,476,WF051806
0,246,2,0,"0.25,0.2,0.17",-80.375,02_06_23,18:29:30,43.629,31,TowerW13,476,WF051806
0,246,2,0,"0.25,0.2,0.17",-80.375,02_06_23,18:31:40,43.629,31,TowerW13,476,WF051806
0,246,2,0,"0.25,0.2,0.17",-80.375,02_06_23,18:43:59,43.629,31,TowerW13,476,WF051806
0,246,2,0,"0.25,0.2,0.17",-80.375,02_06_23,18:54:03,43.629,32,TowerW13,476,WF051806
0,246,2,0,"0.25,0.2,0.17",-80.375,02_06_23,19:49:17,43.629,32,TowerW13,476,WF051806
0,246,2,0,"0.25,0.2,0.17",-80.375,02_06_23,19:58:04,43.629,31,TowerW13,476,WF051806
0,246,2,0,"0.25,0.2,0.17",-80.375,02_06_23,20:04:44,43.629,31,TowerW13,476,WF051806
0,246,2,0,"0.25,0.2,0.17",-80.375,02_06_23,20:16:39,43.629,31,TowerW13,476,WF051806
0,246,2,0,"0.25,0.2,0.17",-80.375,02_06_23,20:41:22,43.629,31,TowerW13,476,WF051806
0,246,2,0,"0.25,0.2,0.17",-80.375,02_06_23,21:24:03,43.629,32,TowerW13,476,WF051806
0,246,2,0,"0.25,0.2,0.17",-80.375,02_06_23,21:46:20,43.629,31,TowerW13,476,WF051806
0,246,2,0,"0.25,0.2,0.17",-80.375,02_06_23,21:47:33,43.629,31,TowerW13,476,WF051806
0,246,2,0,"0.25,0.2,0.17",-80.375,02_06_23,21:54:27,43.629,31,TowerW13,476,WF051806
0,246,2,0,"0.25,0.2,0.17",-80.375,02_06_23,21:55:05,43.629,31,TowerW13,476,WF051806
0,246,2,0,"0.25,0.2,0.17",-80.375,02_06_23,23:27:54,43.629,32,TowerW13,476,WF051806
0,246,2,0,"0.25,0.2,0.17",-80.375,02_06_23,23:34:43,43.629,31,TowerW13,476,WF051806
0,246,2,0,"0.25,0.2,0.17",-80.375,03_06_23,1:04:30,43.629,32,TowerW13,476,WF051806
0,246,2,0,"0.25,0.2,0.17",-80.375,03_06_23,1:57:03,43.629,31,TowerW13,476,WF051806
0,246,2,0,"0.25,0.2,0.17",-80.375,03_06_23,2:04:28,43.629,31,TowerW13,476,WF051806
0,246,2,0,"0.25,0.2,0.17",-80.375,03_06_23,2:18:04,43.629,31,TowerW13,476,WF051806
0,246,2,0,"0.25,0.2,0.17",-80.375,03_06_23,2:32:55,43.629,32,TowerW13,476,WF051806
0,246,2,0,"0.25,0.2,0.17",-80.375,03_06_23,2:48:59,43.629,31,TowerW13,476,WF051806
0,246,2,0,"0.25,0.2,0.17",-80.375,03_06_23,2:51:26,43.629,32,TowerW13,476,WF051806
0,246,2,0,"0.25,0.2,0.17",-80.375,03_06_23,2:55:47,43.629,31,TowerW13,476,WF051806
0,246,2,0,"0.25,0.2,0.17",-80.375,03_06_23,3:18:03,43.629,31,TowerW13,476,WF051806
0,246,2,0,"0.25,0.2,0.17",-80.375,03_06_23,3:48:21,43.629,32,TowerW13,476,WF051806
0,246,2,0,"0.25,0.2,0.17",-80.375,03_06_23,4:09:23,43.629,31,TowerW13,476,WF051806
0,246,2,0,"0.25,0.2,0.17",-80.375,03_06_23,4:35:47,43.629,31,TowerW13,476,WF051806
0,246,2,0,"0.25,0.2,0.17",-80.375,03_06_23,4:44:25,43.629,31,TowerW13,476,WF051806
0,246,2,0,"0.25,0.2,0.17",-80.375,03_06_23,4:45:02,43.629,32,TowerW13,476,WF051806
0,246,2,0,"0.25,0.2,0.17",-80.375,03_06_23,5:03:38,43.629,32,TowerW13,476,WF051806
0,246,2,0,"0.25,0.2,0.17",-80.375,03_06_23,5:06:41,43.629,32,TowerW13,476,WF051806
0,246,2,0,"0.25,0.2,0.17",-80.375,03_06_23,5:14:43,43.629,32,TowerW13,476,WF051806
0,246,2,0,"0.25,0.2,0.17",-80.375,03_06_23,5:25:54,43.629,32,TowerW13,476,WF051806
0,246,2,0,"0.25,0.2,0.17",-80.375,03_06_23,5:38:56,43.629,32,TowerW13,476,WF051806
0,246,2,0,"0.25,0.2,0.17",-80.375,03_06_23,5:45:43,43.629,32,TowerW13,476,WF051806
0,246,2,0,"0.25,0.2,0.17",-80.375,03_06_23,5:46:20,43.629,32,TowerW13,476,WF051806
0,246,2,0,"0.25,0.2,0.17",-80.375,03_06_23,5:52:31,43.629,31,TowerW13,476,WF051806
0,246,2,0,"0.25,0.2,0.17",-80.375,03_06_23,5:53:46,43.629,32,TowerW13,476,WF051806
0,246,2,0,"0.25,0.2,0.17",-80.375,03_06_23,6:10:26,43.629,31,TowerW13,476,WF051806
0,246,2,0,"0.25,0.2,0.17",-80.375,03_06_23,7:31:19,43.629,31,TowerW13,476,WF051806
0,246,2,0,"0.25,0.2,0.17",-80.375,03_06_23,7:31:56,43.629,31,TowerW13,476,WF051806
0,246,2,0,"0.25,0.2,0.17",-80.375,03_06_23,7:43:36,43.629,31,TowerW13,476,WF051806
0,246,2,0,"0.25,0.2,0.17",-80.375,03_06_23,8:47:21,43.629,32,TowerW13,476,WF051806
0,246,2,0,"0.25,0.2,0.17",-80.375,03_06_23,9:48:11,43.629,31,TowerW13,476,WF051806
0,246,2,0,"0.25,0.2,0.17",-80.375,03_06_23,10:03:45,43.629,31,TowerW13,476,WF051806
0,246,2,0,"0.25,0.2,0.17",-80.375,03_06_23,10:24:48,43.629,31,TowerW13,476,WF051806
0,246,2,0,"0.25,0.2,0.17",-80.375,03_06_23,10:35:59,43.629,31,TowerW13,476,WF051806
0,246,2,0,"0.25,0.2,0.17",-80.375,03_06_23,11:27:12,43.629,32,TowerW13,476,WF051806
0,246,2,0,"0.25,0.2,0.17",-80.375,03_06_23,11:36:21,43.629,32,TowerW13,476,WF051806
0,246,2,0,"0.25,0.2,0.17",-80.375,03_06_23,11:59:26,43.629,32,TowerW13,476,WF051806
0,246,2,0,"0.25,0.2,0.17",-80.375,03_06_23,12:26:57,43.629,31,TowerW13,476,WF051806
0,246,2,0,"0.25,0.2,0.17",-80.375,03_06_23,13:28:15,43.629,32,TowerW13,476,WF051806
0,246,2,0,"0.25,0.2,0.17",-80.375,03_06_23,14:37:06,43.629,31,TowerW13,476,WF051806
0,246,2,0,"0.25,0.2,0.17",-80.375,03_06_23,14:50:15,43.629,31,TowerW13,476,WF051806
0,246,2,0,"0.25,0.2,0.17",-80.375,03_06_23,15:10:26,43.629,31,TowerW13,476,WF051806
0,246,2,0,"0.25,0.2,0.17",-80.375,03_06_23,15:52:03,43.629,32,TowerW13,476,WF051806
0,246,2,0,"0.25,0.2,0.17",-80.375,03_06_23,15:55:20,43.629,31,TowerW13,476,WF051806
0,246,2,0,"0.25,0.2,0.17",-80.375,03_06_23,16:04:13,43.629,31,TowerW13,476,WF051806
0,246,2,0,"0.25,0.2,0.17",-80.375,03_06_23,16:41:55,43.629,33,TowerW13,476,WF051806
0,246,2,0,"0.25,0.2,0.17",-80.375,03_06_23,16:45:41,43.629,32,TowerW13,476,WF051806
0,246,2,0,"0.25,0.2,0.17",-80.375,03_06_23,16:59:11,43.629,31,TowerW13,476,WF051806
0,246,2,0,"0.25,0.2,0.17",-80.375,03_06_23,16:59:55,43.629,31,TowerW13,476,WF051806
0,246,2,0,"0.25,0.2,0.17",-80.375,03_06_23,17:00:40,43.629,32,TowerW13,476,WF051806
0,246,2,0,"0.25,0.2,0.17",-80.375,03_06_23,17:10:59,43.629,32,TowerW13,476,WF051806
0,246,2,0,"0.25,0.2,0.17",-80.375,03_06_23,17:37:08,43.629,31,TowerW13,476,WF051806
0,246,2,0,"0.25,0.2,0.17",-80.375,03_06_23,17:39:57,43.629,33,TowerW13,476,WF051806
0,246,2,0,"0.25,0.2,0.17",-80.375,03_06_23,17:53:56,43.629,32,TowerW13,476,WF051806
0,246,2,0,"0.25,0.2,0.17",-80.375,03_06_23,17:58:47,43.629,32,TowerW13,476,WF051806
0,246,2,0,"0.25,0.2,0.17",-80.375,03_06_23,18:00:52,43.629,32,TowerW13,476,WF051806
0,246,2,0,"0.25,0.2,0.17",-80.375,03_06_23,18:05:00,43.629,31,TowerW13,476,WF051806
0,246,2,0,"0.25,0.2,0.17",-80.375,03_06_23,18:06:21,43.629,31,TowerW13,476,WF051806
0,246,2,0,"0.25,0.2,0.17",-80.375,03_06_23,18:09:46,43.629,32,TowerW13,476,WF051806
0,246,2,0,"0.25,0.2,0.17",-80.375,03_06_23,18:28:50,43.629,32,TowerW13,476,WF051806
0,246,2,0,"0.25,0.2,0.17",-80.375,03_06_23,18:31:24,43.629,32,TowerW13,476,WF051806
0,246,2,0,"0.25,0.2,0.17",-80.375,03_06_23,18:37:58,43.629,32,TowerW13,476,WF051806
0,246,2,0,"0.25,0.2,0.17",-80.375,03_06_23,18:39:55,43.629,33,TowerW13,476,WF051806
0,246,2,0,"0.25,0.2,0.17",-80.375,03_06_23,18:59:16,43.629,32,TowerW13,476,WF051806
0,246,2,0,"0.25,0.2,0.17",-80.375,03_06_23,19:01:49,43.629,32,TowerW13,476,WF051806
0,246,2,0,"0.25,0.2,0.17",-80.375,03_06_23,19:06:55,43.629,32,TowerW13,476,WF051806
0,246,2,0,"0.25,0.2,0.17",-80.375,03_06_23,19:10:42,43.629,31,TowerW13,476,WF051806
0,246,2,0,"0.25,0.2,0.17",-80.375,03_06_23,19:13:50,43.629,31,TowerW13,476,WF051806
0,246,2,0,"0.25,0.2,0.17",-80.375,03_06_23,19:17:36,43.629,31,TowerW13,476,WF051806
0,246,2,0,"0.25,0.2,0.17",-80.375,03_06_23,19:29:48,43.629,31,TowerW13,476,WF051806
0,246,2,0,"0.25,0.2,0.17",-80.375,03_06_23,20:09:43,43.629,32,TowerW13,476,WF051806
0,246,2,0,"0.25,0.2,0.17",-80.375,03_06_23,20:15:24,43.629,31,TowerW13,476,WF051806
0,246,2,0,"0.25,0.2,0.17",-80.375,03_06_23,20:40:57,43.629,32,TowerW13,476,WF051806
0,246,2,0,"0.25,0.2,0.17",-80.375,03_06_23,21:11:59,43.629,32,TowerW13,476,WF051806
0,246,2,0,"0.25,0.2,0.17",-80.375,03_06_23,21:31:41,43.629,32,TowerW13,476,WF051806
0,246,2,0,"0.25,0.2,0.17",-80.375,03_06_23,21:32:18,43.629,31,TowerW13,476,WF051806
0,246,2,0,"0.25,0.2,0.17",-80.375,03_06_23,21:56:22,43.629,31,TowerW13,476,WF051806
0,246,2,0,"0.25,0.2,0.17",-80.375,03_06_23,22:33:35,43.629,32,TowerW13,476,WF051806
0,246,2,0,"0.25,0.2,0.17",-80.375,03_06_23,22:34:49,43.629,32,TowerW13,476,WF051806
0,246,2,0,"0.25,0.2,0.17",-80.375,03_06_23,22:36:02,43.629,32,TowerW13,476,WF051806
0,246,2,0,"0.25,0.2,0.17",-80.375,03_06_23,22:36:39,43.629,32,TowerW13,476,WF051806
0,246,2,0,"0.25,0.2,0.17",-80.375,03_06_23,22:38:28,43.629,32,TowerW13,476,WF051806
0,246,2,0,"0.25,0.2,0.17",-80.375,03_06_23,22:39:05,43.629,32,TowerW13,476,WF051806
0,246,2,0,"0.25,0.2,0.17",-80.375,03_06_23,22:39:42,43.629,32,TowerW13,476,WF051806
0,246,2,0,"0.25,0.2,0.17",-80.375,03_06_23,22:40:18,43.629,31,TowerW13,476,WF051806
0,246,2,0,"0.25,0.2,0.17",-80.375,03_06_23,22:52:42,43.629,31,TowerW13,476,WF051806
0,246,2,0,"0.25,0.2,0.17",-80.375,03_06_23,22:55:09,43.629,32,TowerW13,476,WF051806
0,246,2,0,"0.25,0.2,0.17",-80.375,03_06_23,22:56:22,43.629,31,TowerW13,476,WF051806
1,246,2,0,"0.25,0.2,0.17",-80.375,03_06_23,23:33:26,43.629,31,TowerW13,476,WF051806
0,246,2,0,"0.25,0.2,0.17",-80.375,03_06_23,23:35:16,43.629,31,TowerW13,476,WF051806
0,246,2,0,"0.25,0.2,0.17",-80.375,03_06_23,23:35:53,43.629,31,TowerW13,476,WF051806
0,246,2,0,"0.25,0.2,0.17",-80.375,03_06_23,23:38:20,43.629,32,TowerW13,476,WF051806
0,246,2,0,"0.25,0.2,0.17",-80.375,03_06_23,23:38:57,43.629,32,TowerW13,476,WF051806
0,246,2,0,"0.25,0.2,0.17",-80.375,03_06_23,23:43:54,43.629,32,TowerW13,476,WF051806
0,246,2,0,"0.25,0.2,0.17",-80.375,03_06_23,23:45:08,43.629,32,TowerW13,476,WF051806
0,246,2,0,"0.25,0.2,0.17",-80.375,03_06_23,23:46:21,43.629,31,TowerW13,476,WF051806
0,246,2,0,"0.25,0.2,0.17",-80.375,03_06_23,23:53:46,43.629,31,TowerW13,476,WF051806
0,246,2,0,"0.25,0.2,0.17",-80.375,03_06_23,23:54:23,43.629,31,TowerW13,476,WF051806
0,246,2,0,"0.25,0.2,0.17",-80.375,03_06_23,23:55:36,43.629,32,TowerW13,476,WF051806
0,246,2,0,"0.25,0.2,0.17",-80.375,04_06_23,0:13:28,43.629,31,TowerW13,476,WF051806
0,246,2,0,"0.25,0.2,0.17",-80.375,04_06_23,0:32:57,43.629,32,TowerW13,476,WF051806
0,246,2,0,"0.25,0.2,0.17",-80.375,04_06_23,0:54:35,43.629,32,TowerW13,476,WF051806
0,246,2,0,"0.25,0.2,0.17",-80.375,04_06_23,0:55:12,43.629,31,TowerW13,476,WF051806
0,246,2,0,"0.25,0.2,0.17",-80.375,04_06_23,1:02:37,43.629,33,TowerW13,476,WF051806
0,246,2,0,"0.25,0.2,0.17",-80.375,04_06_23,1:03:14,43.629,31,TowerW13,476,WF051806
0,246,2,0,"0.25,0.2,0.17",-80.375,04_06_23,1:04:26,43.629,32,TowerW13,476,WF051806
0,246,2,0,"0.25,0.2,0.17",-80.375,04_06_23,3:05:07,43.629,31,TowerW13,476,WF051806
0,246,2,0,"0.25,0.2,0.17",-80.375,04_06_23,3:15:34,43.629,31,TowerW13,476,WF051806
0,246,2,0,"0.25,0.2,0.17",-80.375,04_06_23,3:16:11,43.629,32,TowerW13,476,WF051806
0,246,2,0,"0.25,0.2,0.17",-80.375,04_06_23,3:16:49,43.629,32,TowerW13,476,WF051806
0,64,3,0,"0.25,0.2,0.17",-80.355795,17_05_23,12:01:10,43.376593,35,TowerR07,476,WF051806
0,246,2,0,"0.25,0.21,0.17",-80.375,31_05_23,10:24:46,43.629,32,TowerW13,476,WF051806
0,246,2,0,"0.25,0.21,0.17",-80.375,31_05_23,10:39:22,43.629,31,TowerW13,476,WF051806
1,246,2,0,"0.25,0.21,0.17",-80.375,31_05_23,10:54:56,43.629,32,TowerW13,476,WF051806
0,246,2,0,"0.25,0.21,0.17",-80.375,31_05_23,12:13:33,43.629,31,TowerW13,476,WF051806
0,246,2,0,"0.25,0.21,0.17",-80.375,31_05_23,12:15:51,43.629,32,TowerW13,476,WF051806
13,246,2,0,"0.25,0.21,0.17",-80.375,31_05_23,12:23:53,43.629,31,TowerW13,476,WF051806
0,246,2,0,"0.25,0.21,0.17",-80.375,31_05_23,12:31:53,43.629,31,TowerW13,476,WF051806
0,246,2,0,"0.25,0.21,0.17",-80.375,31_05_23,12:35:19,43.629,31,TowerW13,476,WF051806
0,246,2,0,"0.25,0.21,0.17",-80.375,31_05_23,13:00:43,43.629,31,TowerW13,476,WF051806
0,246,2,0,"0.25,0.21,0.17",-80.375,31_05_23,13:03:02,43.629,33,TowerW13,476,WF051806
0,246,2,0,"0.25,0.21,0.17",-80.375,31_05_23,13:23:43,43.629,31,TowerW13,476,WF051806
0,246,2,0,"0.25,0.21,0.17",-80.375,31_05_23,14:34:01,43.629,32,TowerW13,476,WF051806
0,246,2,0,"0.25,0.21,0.17",-80.375,31_05_23,14:36:14,43.629,31,TowerW13,476,WF051806
0,246,2,0,"0.25,0.21,0.17",-80.375,31_05_23,14:41:41,43.629,31,TowerW13,476,WF051806
0,246,2,0,"0.25,0.21,0.17",-80.375,31_05_23,14:42:47,43.629,31,TowerW13,476,WF051806
0,246,2,0,"0.25,0.21,0.17",-80.375,31_05_23,15:01:47,43.629,32,TowerW13,476,WF051806
0,246,2,0,"0.25,0.21,0.17",-80.375,31_05_23,15:02:44,43.629,32,TowerW13,476,WF051806
0,246,2,0,"0.25,0.21,0.17",-80.375,31_05_23,15:15:30,43.629,31,TowerW13,476,WF051806
0,246,2,0,"0.25,0.21,0.17",-80.375,31_05_23,15:26:57,43.629,32,TowerW13,476,WF051806
0,246,2,0,"0.25,0.21,0.17",-80.375,31_05_23,15:28:40,43.629,31,TowerW13,476,WF051806
0,246,2,0,"0.25,0.21,0.17",-80.375,31_05_23,17:45:38,43.629,31,TowerW13,476,WF051806
0,246,2,0,"0.25,0.21,0.17",-80.375,31_05_23,18:04:08,43.629,31,TowerW13,476,WF051806
0,246,2,0,"0.25,0.21,0.17",-80.375,31_05_23,18:24:49,43.629,31,TowerW13,476,WF051806
0,246,2,0,"0.25,0.21,0.17",-80.375,31_05_23,20:18:55,43.629,31,TowerW13,476,WF051806
0,246,2,0,"0.25,0.21,0.17",-80.375,31_05_23,20:25:50,43.629,31,TowerW13,476,WF051806
0,246,2,0,"0.25,0.21,0.17",-80.375,31_05_23,22:12:54,43.629,31,TowerW13,476,WF051806
0,246,2,0,"0.25,0.21,0.17",-80.375,31_05_23,22:53:33,43.629,31,TowerW13,476,WF051806
0,246,2,0,"0.25,0.21,0.17",-80.375,31_05_23,23:02:11,43.629,31,TowerW13,476,WF051806
0,246,2,0,"0.25,0.21,0.17",-80.375,31_05_23,23:07:46,43.629,31,TowerW13,476,WF051806
0,246,2,0,"0.25,0.21,0.17",-80.375,31_05_23,23:36:59,43.629,32,TowerW13,476,WF051806
0,246,2,0,"0.25,0.21,0.17",-80.375,31_05_23,23:48:46,43.629,31,TowerW13,476,WF051806
0,246,2,0,"0.25,0.21,0.17",-80.375,31_05_23,23:56:11,43.629,31,TowerW13,476,WF051806
0,246,2,0,"0.25,0.21,0.17",-80.375,31_05_23,23:58:01,43.629,31,TowerW13,476,WF051806
0,246,2,0,"0.25,0.21,0.17",-80.375,01_06_23,1:05:23,43.629,31,TowerW13,476,WF051806
0,246,2,0,"0.25,0.21,0.17",-80.375,01_06_23,2:38:00,43.629,31,TowerW13,476,WF051806
0,246,2,0,"0.25,0.21,0.17",-80.375,01_06_23,3:05:06,43.629,31,TowerW13,476,WF051806
0,246,2,0,"0.25,0.21,0.17",-80.375,01_06_23,3:30:40,43.629,32,TowerW13,476,WF051806
0,246,2,0,"0.25,0.21,0.17",-80.375,01_06_23,3:39:55,43.629,31,TowerW13,476,WF051806
0,246,2,0,"0.25,0.21,0.17",-80.375,01_06_23,4:23:48,43.629,31,TowerW13,476,WF051806
0,246,2,0,"0.25,0.21,0.17",-80.375,01_06_23,5:01:23,43.629,31,TowerW13,476,WF051806
0,246,2,0,"0.25,0.21,0.17",-80.375,01_06_23,5:02:37,43.629,31,TowerW13,476,WF051806
0,246,2,0,"0.25,0.21,0.17",-80.375,01_06_23,5:14:18,43.629,32,TowerW13,476,WF051806
0,246,2,0,"0.25,0.21,0.17",-80.375,01_06_23,6:06:08,43.629,32,TowerW13,476,WF051806
0,246,2,0,"0.25,0.21,0.17",-80.375,01_06_23,6:18:23,43.629,32,TowerW13,476,WF051806
0,246,2,0,"0.25,0.21,0.17",-80.375,01_06_23,6:19:00,43.629,32,TowerW13,476,WF051806
0,246,2,0,"0.25,0.21,0.17",-80.375,01_06_23,8:01:33,43.629,31,TowerW13,476,WF051806
0,246,2,0,"0.25,0.21,0.17",-80.375,01_06_23,8:13:14,43.629,31,TowerW13,476,WF051806
0,246,2,0,"0.25,0.21,0.17",-80.375,01_06_23,8:13:50,43.629,32,TowerW13,476,WF051806
0,246,2,0,"0.25,0.21,0.17",-80.375,01_06_23,8:14:28,43.629,32,TowerW13,476,WF051806
0,246,2,0,"0.25,0.21,0.17",-80.375,01_06_23,8:19:26,43.629,32,TowerW13,476,WF051806
0,246,2,0,"0.25,0.21,0.17",-80.375,01_06_23,8:20:40,43.629,31,TowerW13,476,WF051806
0,246,2,0,"0.25,0.21,0.17",-80.375,01_06_23,8:22:30,43.629,31,TowerW13,476,WF051806
0,246,2,0,"0.25,0.21,0.17",-80.375,01_06_23,8:23:43,43.629,31,TowerW13,476,WF051806
0,246,2,0,"0.25,0.21,0.17",-80.375,01_06_23,8:35:30,43.629,32,TowerW13,476,WF051806
0,246,2,0,"0.25,0.21,0.17",-80.375,01_06_23,8:47:32,43.629,32,TowerW13,476,WF051806
0,246,2,0,"0.25,0.21,0.17",-80.375,01_06_23,9:03:06,43.629,32,TowerW13,476,WF051806
0,246,2,0,"0.25,0.21,0.17",-80.375,01_06_23,9:17:13,43.629,31,TowerW13,476,WF051806
0,246,2,0,"0.25,0.21,0.17",-80.375,01_06_23,9:26:14,43.629,32,TowerW13,476,WF051806
0,246,2,0,"0.25,0.21,0.17",-80.375,01_06_23,9:43:51,43.629,31,TowerW13,476,WF051806
0,246,2,0,"0.25,0.21,0.17",-80.375,01_06_23,9:52:15,43.629,31,TowerW13,476,WF051806
0,246,2,0,"0.25,0.21,0.17",-80.375,01_06_23,10:10:46,43.629,31,TowerW13,476,WF051806
0,246,2,0,"0.25,0.21,0.17",-80.375,01_06_23,10:12:28,43.629,31,TowerW13,476,WF051806
0,246,2,0,"0.25,0.21,0.17",-80.375,01_06_23,10:25:29,43.629,31,TowerW13,476,WF051806
0,246,2,0,"0.25,0.21,0.17",-80.375,01_06_23,10:39:28,43.629,32,TowerW13,476,WF051806
0,246,2,0,"0.25,0.21,0.17",-80.375,01_06_23,11:28:37,43.629,31,TowerW13,476,WF051806
0,246,2,0,"0.25,0.21,0.17",-80.375,01_06_23,11:29:43,43.629,32,TowerW13,476,WF051806
0,246,2,0,"0.25,0.21,0.17",-80.375,01_06_23,12:11:32,43.629,32,TowerW13,476,WF051806
0,246,2,0,"0.25,0.21,0.17",-80.375,01_06_23,12:23:35,43.629,32,TowerW13,476,WF051806
0,246,2,0,"0.25,0.21,0.17",-80.375,01_06_23,12:29:47,43.629,32,TowerW13,476,WF051806
0,246,2,0,"0.25,0.21,0.17",-80.375,01_06_23,12:30:46,43.629,31,TowerW13,476,WF051806
0,246,2,0,"0.25,0.21,0.17",-80.375,01_06_23,12:43:40,43.629,32,TowerW13,476,WF051806
0,246,2,0,"0.25,0.21,0.17",-80.375,01_06_23,13:06:09,43.629,31,TowerW13,476,WF051806
0,246,2,0,"0.25,0.21,0.17",-80.375,01_06_23,13:07:01,43.629,31,TowerW13,476,WF051806
0,246,2,0,"0.25,0.21,0.17",-80.375,01_06_23,13:21:29,43.629,32,TowerW13,476,WF051806
0,246,2,0,"0.25,0.21,0.17",-80.375,01_06_23,13:22:21,43.629,31,TowerW13,476,WF051806
0,246,2,0,"0.25,0.21,0.17",-80.375,01_06_23,13:27:35,43.629,31,TowerW13,476,WF051806
0,246,2,0,"0.25,0.21,0.17",-80.375,01_06_23,13:36:21,43.629,32,TowerW13,476,WF051806
0,246,2,0,"0.25,0.21,0.17",-80.375,01_06_23,13:59:20,43.629,31,TowerW13,476,WF051806
0,246,2,0,"0.25,0.21,0.17",-80.375,01_06_23,15:34:06,43.629,32,TowerW13,476,WF051806
0,246,2,0,"0.25,0.21,0.17",-80.375,01_06_23,16:46:21,43.629,32,TowerW13,476,WF051806
0,246,2,0,"0.25,0.21,0.17",-80.375,01_06_23,17:17:45,43.629,33,TowerW13,476,WF051806
0,246,2,0,"0.25,0.21,0.17",-80.375,01_06_23,17:20:04,43.629,31,TowerW13,476,WF051806
0,246,2,0,"0.25,0.21,0.17",-80.375,01_06_23,17:29:18,43.629,31,TowerW13,476,WF051806
0,246,2,0,"0.25,0.21,0.17",-80.375,01_06_23,17:33:04,43.629,31,TowerW13,476,WF051806
0,246,2,0,"0.25,0.21,0.17",-80.375,01_06_23,17:43:03,43.629,32,TowerW13,476,WF051806
0,246,2,0,"0.25,0.21,0.17",-80.375,01_06_23,17:45:21,43.629,32,TowerW13,476,WF051806
0,246,2,0,"0.25,0.21,0.17",-80.375,01_06_23,18:13:14,43.629,32,TowerW13,476,WF051806
0,246,2,0,"0.25,0.21,0.17",-80.375,01_06_23,20:07:56,43.629,31,TowerW13,476,WF051806
0,246,2,0,"0.25,0.21,0.17",-80.375,01_06_23,20:13:09,43.629,31,TowerW13,476,WF051806
0,246,2,0,"0.25,0.21,0.17",-80.375,01_06_23,20:13:47,43.629,33,TowerW13,476,WF051806
0,246,2,0,"0.25,0.21,0.17",-80.375,01_06_23,20:17:41,43.629,31,TowerW13,476,WF051806
0,246,2,0,"0.25,0.21,0.17",-80.375,01_06_23,22:02:39,43.629,31,TowerW13,476,WF051806
0,246,2,0,"0.25,0.21,0.17",-80.375,01_06_23,22:33:26,43.629,32,TowerW13,476,WF051806
0,246,2,0,"0.25,0.21,0.17",-80.375,01_06_23,22:41:28,43.629,31,TowerW13,476,WF051806
0,246,2,0,"0.25,0.21,0.17",-80.375,01_06_23,23:18:34,43.629,33,TowerW13,476,WF051806
0,246,2,0,"0.25,0.21,0.17",-80.375,01_06_23,23:56:15,43.629,31,TowerW13,476,WF051806
0,246,2,0,"0.25,0.21,0.17",-80.375,01_06_23,23:56:52,43.629,32,TowerW13,476,WF051806
0,246,2,0,"0.25,0.21,0.17",-80.375,02_06_23,0:56:51,43.629,31,TowerW13,476,WF051806
0,246,2,0,"0.25,0.21,0.17",-80.375,02_06_23,1:53:18,43.629,32,TowerW13,476,WF051806
0,246,2,0,"0.25,0.21,0.17",-80.375,02_06_23,2:45:51,43.629,32,TowerW13,476,WF051806
0,246,2,0,"0.25,0.21,0.17",-80.375,02_06_23,6:45:16,43.629,32,TowerW13,476,WF051806
0,246,2,0,"0.25,0.21,0.17",-80.375,02_06_23,8:16:59,43.629,31,TowerW13,476,WF051806
0,246,2,0,"0.25,0.21,0.17",-80.375,02_06_23,9:07:06,43.629,31,TowerW13,476,WF051806
0,246,2,0,"0.25,0.21,0.17",-80.375,02_06_23,9:08:26,43.629,32,TowerW13,476,WF051806
0,246,2,0,"0.25,0.21,0.17",-80.375,02_06_23,9:09:46,43.629,31,TowerW13,476,WF051806
0,246,2,0,"0.25,0.21,0.17",-80.375,02_06_23,9:11:06,43.629,33,TowerW13,476,WF051806
0,246,2,0,"0.25,0.21,0.17",-80.375,02_06_23,9:24:08,43.629,32,TowerW13,476,WF051806
0,246,2,0,"0.25,0.21,0.17",-80.375,02_06_23,9:43:36,43.629,32,TowerW13,476,WF051806
0,246,2,0,"0.25,0.21,0.17",-80.375,02_06_23,9:48:06,43.629,31,TowerW13,476,WF051806
0,246,2,0,"0.25,0.21,0.17",-80.375,02_06_23,10:19:06,43.629,32,TowerW13,476,WF051806
0,246,2,0,"0.25,0.21,0.17",-80.375,02_06_23,11:23:50,43.629,32,TowerW13,476,WF051806
0,246,2,0,"0.25,0.21,0.17",-80.375,02_06_23,11:27:51,43.629,31,TowerW13,476,WF051806
0,246,2,0,"0.25,0.21,0.17",-80.375,02_06_23,12:22:43,43.629,32,TowerW13,476,WF051806
0,246,2,0,"0.25,0.21,0.17",-80.375,02_06_23,13:06:38,43.629,32,TowerW13,476,WF051806
0,246,2,0,"0.25,0.21,0.17",-80.375,02_06_23,14:27:16,43.629,32,TowerW13,476,WF051806
0,246,2,0,"0.25,0.21,0.17",-80.375,02_06_23,15:20:33,43.629,31,TowerW13,476,WF051806
0,246,2,0,"0.25,0.21,0.17",-80.375,02_06_23,16:32:56,43.629,31,TowerW13,476,WF051806
0,246,2,0,"0.25,0.21,0.17",-80.375,02_06_23,16:50:13,43.629,32,TowerW13,476,WF051806
0,246,2,0,"0.25,0.21,0.17",-80.375,02_06_23,16:51:47,43.629,32,TowerW13,476,WF051806
0,246,2,0,"0.25,0.21,0.17",-80.375,02_06_23,16:52:33,43.629,32,TowerW13,476,WF051806
1,246,2,0,"0.25,0.21,0.17",-80.375,02_06_23,17:02:23,43.629,32,TowerW13,476,WF051806
0,246,2,0,"0.25,0.21,0.17",-80.375,02_06_23,17:25:37,43.629,31,TowerW13,476,WF051806
0,246,2,0,"0.25,0.21,0.17",-80.375,02_06_23,17:38:31,43.629,31,TowerW13,476,WF051806
0,246,2,0,"0.25,0.21,0.17",-80.375,02_06_23,18:07:06,43.629,32,TowerW13,476,WF051806
0,246,2,0,"0.25,0.21,0.17",-80.375,02_06_23,18:07:51,43.629,31,TowerW13,476,WF051806
0,246,2,0,"0.25,0.21,0.17",-80.375,02_06_23,18:28:01,43.629,31,TowerW13,476,WF051806
0,246,2,0,"0.25,0.21,0.17",-80.375,02_06_23,19:13:45,43.629,32,TowerW13,476,WF051806
0,246,2,0,"0.25,0.21,0.17",-80.375,02_06_23,19:47:56,43.629,31,TowerW13,476,WF051806
0,246,2,0,"0.25,0.21,0.17",-80.375,02_06_23,20:02:05,43.629,31,TowerW13,476,WF051806
0,246,2,0,"0.25,0.21,0.17",-80.375,02_06_23,20:11:26,43.629,32,TowerW13,476,WF051806
0,246,2,0,"0.25,0.21,0.17",-80.375,02_06_23,20:36:14,43.629,31,TowerW13,476,WF051806
0,246,2,0,"0.25,0.21,0.17",-80.375,02_06_23,21:09:56,43.629,31,TowerW13,476,WF051806
0,246,2,0,"0.25,0.21,0.17",-80.375,02_06_23,21:19:41,43.629,31,TowerW13,476,WF051806
0,246,2,0,"0.25,0.21,0.17",-80.375,02_06_23,22:14:11,43.629,31,TowerW13,476,WF051806
0,246,2,0,"0.25,0.21,0.17",-80.375,02_06_23,22:33:24,43.629,32,TowerW13,476,WF051806
0,246,2,0,"0.25,0.21,0.17",-80.375,02_06_23,23:09:54,43.629,32,TowerW13,476,WF051806
0,246,2,0,"0.25,0.21,0.17",-80.375,03_06_23,1:22:28,43.629,32,TowerW13,476,WF051806
0,246,2,0,"0.25,0.21,0.17",-80.375,03_06_23,2:31:42,43.629,32,TowerW13,476,WF051806
0,246,2,0,"0.25,0.21,0.17",-80.375,03_06_23,2:40:57,43.629,32,TowerW13,476,WF051806
0,246,2,0,"0.25,0.21,0.17",-80.375,03_06_23,2:42:48,43.629,31,TowerW13,476,WF051806
0,246,2,0,"0.25,0.21,0.17",-80.375,03_06_23,3:08:04,43.629,32,TowerW13,476,WF051806
0,246,2,0,"0.25,0.21,0.17",-80.375,03_06_23,3:53:20,43.629,32,TowerW13,476,WF051806
0,246,2,0,"0.25,0.21,0.17",-80.375,03_06_23,4:03:11,43.629,32,TowerW13,476,WF051806
0,246,2,0,"0.25,0.21,0.17",-80.375,03_06_23,4:16:41,43.629,32,TowerW13,476,WF051806
0,246,2,0,"0.25,0.21,0.17",-80.375,03_06_23,4:51:51,43.629,32,TowerW13,476,WF051806
0,246,2,0,"0.25,0.21,0.17",-80.375,03_06_23,4:56:49,43.629,31,TowerW13,476,WF051806
0,246,2,0,"0.25,0.21,0.17",-80.375,03_06_23,5:04:15,43.629,31,TowerW13,476,WF051806
0,246,2,0,"0.25,0.21,0.17",-80.375,03_06_23,5:04:51,43.629,31,TowerW13,476,WF051806
0,246,2,0,"0.25,0.21,0.17",-80.375,03_06_23,5:08:32,43.629,31,TowerW13,476,WF051806
0,246,2,0,"0.25,0.21,0.17",-80.375,03_06_23,5:24:41,43.629,33,TowerW13,476,WF051806
0,246,2,0,"0.25,0.21,0.17",-80.375,03_06_23,5:25:18,43.629,32,TowerW13,476,WF051806
0,246,2,0,"0.25,0.21,0.17",-80.375,03_06_23,5:27:08,43.629,32,TowerW13,476,WF051806
0,246,2,0,"0.25,0.21,0.17",-80.375,03_06_23,5:38:19,43.629,31,TowerW13,476,WF051806
0,246,2,0,"0.25,0.21,0.17",-80.375,03_06_23,5:48:10,43.629,31,TowerW13,476,WF051806
0,246,2,0,"0.25,0.21,0.17",-80.375,03_06_23,6:06:46,43.629,32,TowerW13,476,WF051806
0,246,2,0,"0.25,0.21,0.17",-80.375,03_06_23,6:09:13,43.629,31,TowerW13,476,WF051806
0,246,2,0,"0.25,0.21,0.17",-80.375,03_06_23,6:35:06,43.629,31,TowerW13,476,WF051806
0,246,2,0,"0.25,0.21,0.17",-80.375,03_06_23,7:40:33,43.629,32,TowerW13,476,WF051806
0,246,2,0,"0.25,0.21,0.17",-80.375,03_06_23,7:45:26,43.629,31,TowerW13,476,WF051806
0,246,2,0,"0.25,0.21,0.17",-80.375,03_06_23,9:16:41,43.629,32,TowerW13,476,WF051806
0,246,2,0,"0.25,0.21,0.17",-80.375,03_06_23,9:33:41,43.629,31,TowerW13,476,WF051806
0,246,2,0,"0.25,0.21,0.17",-80.375,03_06_23,10:43:04,43.629,31,TowerW13,476,WF051806
0,246,2,0,"0.25,0.21,0.17",-80.375,03_06_23,15:05:13,43.629,31,TowerW13,476,WF051806
0,246,2,0,"0.25,0.21,0.17",-80.375,03_06_23,15:34:46,43.629,31,TowerW13,476,WF051806
0,246,2,0,"0.25,0.21,0.17",-80.375,03_06_23,15:50:27,43.629,32,TowerW13,476,WF051806
0,246,2,0,"0.25,0.21,0.17",-80.375,03_06_23,17:37:51,43.629,31,TowerW13,476,WF051806
0,246,2,0,"0.25,0.21,0.17",-80.375,03_06_23,17:43:28,43.629,32,TowerW13,476,WF051806
0,246,2,0,"0.25,0.21,0.17",-80.375,03_06_23,17:44:11,43.629,31,TowerW13,476,WF051806
0,246,2,0,"0.25,0.21,0.17",-80.375,03_06_23,17:51:52,43.629,32,TowerW13,476,WF051806
0,246,2,0,"0.25,0.21,0.17",-80.375,03_06_23,18:02:56,43.629,32,TowerW13,476,WF051806
0,246,2,0,"0.25,0.21,0.17",-80.375,03_06_23,18:45:45,43.629,32,TowerW13,476,WF051806
0,246,2,0,"0.25,0.21,0.17",-80.375,03_06_23,19:02:26,43.629,32,TowerW13,476,WF051806
0,246,2,0,"0.25,0.21,0.17",-80.375,03_06_23,19:10:04,43.629,32,TowerW13,476,WF051806
0,246,2,0,"0.25,0.21,0.17",-80.375,03_06_23,19:53:31,43.629,32,TowerW13,476,WF051806
0,246,2,0,"0.25,0.21,0.17",-80.375,03_06_23,19:54:08,43.629,32,TowerW13,476,WF051806
0,246,2,0,"0.25,0.21,0.17",-80.375,03_06_23,19:57:53,43.629,32,TowerW13,476,WF051806
0,246,2,0,"0.25,0.21,0.17",-80.375,03_06_23,20:04:44,43.629,32,TowerW13,476,WF051806
0,246,2,0,"0.25,0.21,0.17",-80.375,03_06_23,21:11:22,43.629,31,TowerW13,476,WF051806
0,246,2,0,"0.25,0.21,0.17",-80.375,03_06_23,21:13:13,43.629,32,TowerW13,476,WF051806
0,246,2,0,"0.25,0.21,0.17",-80.375,03_06_23,21:18:12,43.629,31,TowerW13,476,WF051806
0,246,2,0,"0.25,0.21,0.17",-80.375,03_06_23,22:08:10,43.629,32,TowerW13,476,WF051806
0,246,2,0,"0.25,0.21,0.17",-80.375,03_06_23,22:15:00,43.629,31,TowerW13,476,WF051806
0,246,2,0,"0.25,0.21,0.17",-80.375,03_06_23,22:34:12,43.629,32,TowerW13,476,WF051806
0,246,2,0,"0.25,0.21,0.17",-80.375,03_06_23,22:37:51,43.629,32,TowerW13,476,WF051806
0,246,2,0,"0.25,0.21,0.17",-80.375,03_06_23,22:44:05,43.629,31,TowerW13,476,WF051806
0,246,2,0,"0.25,0.21,0.17",-80.375,03_06_23,22:50:15,43.629,32,TowerW13,476,WF051806
0,246,2,0,"0.25,0.21,0.17",-80.375,03_06_23,22:53:18,43.629,32,TowerW13,476,WF051806
0,246,2,0,"0.25,0.21,0.17",-80.375,03_06_23,22:54:32,43.629,32,TowerW13,476,WF051806
0,246,2,0,"0.25,0.21,0.17",-80.375,03_06_23,23:13:01,43.629,32,TowerW13,476,WF051806
0,246,2,0,"0.25,0.21,0.17",-80.375,03_06_23,23:13:39,43.629,31,TowerW13,476,WF051806
0,246,2,0,"0.25,0.21,0.17",-80.375,03_06_23,23:21:03,43.629,31,TowerW13,476,WF051806
0,246,2,0,"0.25,0.21,0.17",-80.375,03_06_23,23:37:43,43.629,31,TowerW13,476,WF051806
0,246,2,0,"0.25,0.21,0.17",-80.375,03_06_23,23:42:41,43.629,32,TowerW13,476,WF051806
0,246,2,0,"0.25,0.21,0.17",-80.375,03_06_23,23:44:31,43.629,32,TowerW13,476,WF051806
0,246,2,0,"0.25,0.21,0.17",-80.375,03_06_23,23:45:44,43.629,31,TowerW13,476,WF051806
0,246,2,0,"0.25,0.21,0.17",-80.375,04_06_23,0:04:49,43.629,32,TowerW13,476,WF051806
0,246,2,0,"0.25,0.21,0.17",-80.375,04_06_23,0:06:40,43.629,31,TowerW13,476,WF051806
0,246,2,0,"0.25,0.21,0.17",-80.375,04_06_23,0:32:20,43.629,32,TowerW13,476,WF051806
0,246,2,0,"0.25,0.21,0.17",-80.375,04_06_23,0:48:24,43.629,33,TowerW13,476,WF051806
0,246,2,0,"0.25,0.21,0.17",-80.375,04_06_23,0:49:00,43.629,32,TowerW13,476,WF051806
0,246,2,0,"0.25,0.21,0.17",-80.375,04_06_23,0:58:51,43.629,33,TowerW13,476,WF051806
0,246,2,0,"0.25,0.21,0.17",-80.375,04_06_23,1:03:50,43.629,32,TowerW13,476,WF051806
0,246,2,0,"0.25,0.21,0.17",-80.375,04_06_23,2:30:35,43.629,32,TowerW13,476,WF051806
0,246,2,0,"0.25,0.21,0.17",-80.375,04_06_23,3:18:01,43.629,31,TowerW13,476,WF051806
0,75,2,0,"0.25,0.21,0.18",-80.35175,31_05_23,0:43:48,43.37459,32,TowerR13,476,WF051806
1,319,2,0,"0.25,0.22,0.18",-80.38,27_05_23,3:21:29,43.631,31,TowerW11,476,WF051806
0,246,2,0,"0.24,0.2,0.17",-80.375,31_05_23,18:35:31,43.629,32,TowerW13,476,WF051806
0,246,2,0,"0.24,0.2,0.17",-80.375,31_05_23,23:43:46,43.629,31,TowerW13,476,WF051806
0,246,2,0,"0.24,0.2,0.17",-80.375,01_06_23,5:02:00,43.629,31,TowerW13,476,WF051806
0,246,2,0,"0.24,0.2,0.17",-80.375,01_06_23,15:38:06,43.629,31,TowerW13,476,WF051806
0,246,2,0,"0.24,0.2,0.17",-80.375,02_06_23,9:17:55,43.629,31,TowerW13,476,WF051806
0,246,2,0,"0.24,0.2,0.17",-80.375,02_06_23,10:15:06,43.629,32,TowerW13,476,WF051806
0,246,2,0,"0.24,0.2,0.17",-80.375,02_06_23,16:48:39,43.629,32,TowerW13,476,WF051806
0,246,2,0,"0.24,0.2,0.17",-80.375,02_06_23,17:12:43,43.629,32,TowerW13,476,WF051806
0,246,2,0,"0.24,0.2,0.17",-80.375,02_06_23,17:40:49,43.629,32,TowerW13,476,WF051806
1,246,2,0,"0.24,0.2,0.17",-80.375,02_06_23,22:59:18,43.629,33,TowerW13,476,WF051806
0,246,2,0,"0.24,0.2,0.17",-80.375,04_06_23,0:47:10,43.629,32,TowerW13,476,WF051806
0,246,2,0,"0.24,0.21,0.17",-80.375,31_05_23,19:09:26,43.629,32,TowerW13,476,WF051806
0,246,2,0,"0.24,0.21,0.17",-80.375,31_05_23,21:19:31,43.629,32,TowerW13,476,WF051806
0,246,2,0,"0.24,0.21,0.17",-80.375,01_06_23,2:23:51,43.629,32,TowerW13,476,WF051806
0,246,2,0,"0.24,0.21,0.17",-80.375,01_06_23,2:53:25,43.629,31,TowerW13,476,WF051806
0,246,2,0,"0.24,0.21,0.17",-80.375,01_06_23,4:23:11,43.629,32,TowerW13,476,WF051806
0,246,2,0,"0.24,0.21,0.17",-80.375,01_06_23,10:50:32,43.629,31,TowerW13,476,WF051806
0,246,2,0,"0.24,0.21,0.17",-80.375,01_06_23,14:06:51,43.629,31,TowerW13,476,WF051806
1,246,2,0,"0.24,0.21,0.17",-80.375,01_06_23,15:11:20,43.629,31,TowerW13,476,WF051806
0,246,2,0,"0.24,0.21,0.17",-80.375,01_06_23,15:39:05,43.629,32,TowerW13,476,WF051806
0,246,2,0,"0.24,0.21,0.17",-80.375,01_06_23,18:07:51,43.629,31,TowerW13,476,WF051806
0,246,2,0,"0.24,0.21,0.17",-80.375,02_06_23,8:52:44,43.629,32,TowerW13,476,WF051806
0,246,2,0,"0.24,0.21,0.17",-80.375,02_06_23,17:43:51,43.629,33,TowerW13,476,WF051806
0,246,2,0,"0.24,0.21,0.17",-80.375,02_06_23,19:46:36,43.629,32,TowerW13,476,WF051806
0,246,2,0,"0.24,0.21,0.17",-80.375,02_06_23,19:56:43,43.629,32,TowerW13,476,WF051806
0,246,2,0,"0.24,0.21,0.17",-80.375,02_06_23,22:01:18,43.629,31,TowerW13,476,WF051806
0,246,2,0,"0.24,0.21,0.17",-80.375,03_06_23,3:11:08,43.629,31,TowerW13,476,WF051806
0,246,2,0,"0.24,0.21,0.17",-80.375,03_06_23,5:28:21,43.629,31,TowerW13,476,WF051806
0,246,2,0,"0.24,0.21,0.17",-80.375,03_06_23,5:32:06,43.629,32,TowerW13,476,WF051806
0,246,2,0,"0.24,0.21,0.17",-80.375,03_06_23,7:46:03,43.629,33,TowerW13,476,WF051806
0,246,2,0,"0.24,0.21,0.17",-80.375,03_06_23,7:46:40,43.629,31,TowerW13,476,WF051806
0,246,2,0,"0.24,0.21,0.17",-80.375,03_06_23,15:35:36,43.629,32,TowerW13,476,WF051806
0,246,2,0,"0.24,0.21,0.17",-80.375,03_06_23,17:01:24,43.629,31,TowerW13,476,WF051806
0,246,2,0,"0.24,0.21,0.17",-80.375,03_06_23,17:10:15,43.629,31,TowerW13,476,WF051806
0,246,2,0,"0.24,0.21,0.17",-80.375,03_06_23,17:30:42,43.629,32,TowerW13,476,WF051806
0,246,2,0,"0.24,0.21,0.17",-80.375,03_06_23,18:43:49,43.629,31,TowerW13,476,WF051806
0,246,2,0,"0.24,0.21,0.17",-80.375,03_06_23,21:50:11,43.629,31,TowerW13,476,WF051806
0,246,2,0,"0.24,0.21,0.17",-80.375,03_06_23,23:55:00,43.629,31,TowerW13,476,WF051806
1,115,1,96,"0.25,0.2,0.08",-80.35003,21_09_22,3:40:47,43.37438,130,Tower1,477,WN051801
0,246,2,0,"0.25,0.2,0.09",-80.375,02_06_23,8:33:16,43.629,32,TowerW13,477,WN051801
1,75,2,0,"0.25,0.2,0.1",-80.35175,01_06_23,22:20:34,43.37459,32,TowerR13,477,WN051801
2,246,2,0,"0.25,0.21,0.13",-80.375,04_06_23,0:38:33,43.629,31,TowerW13,478,RF051912
0,195,1,0,"0.25,0.22,0.14",-80.35464,19_05_23,13:49:15,43.3793259,33,TowerR01,478,RF051912
0,35,3,0,"0.25,0.22,0.14",-80.35422,29_05_23,9:08:31,43.37874,31,TowerR02,478,RF051912
0,35,3,0,"0.25,0.22,0.14",-80.35422,29_05_23,9:11:56,43.37874,32,TowerR02,478,RF051912
1,314,1,0,"0.26,0.21,0.15",-80.35612,30_05_23,17:26:48,43.37776,32,TowerR04,478,RF051912
1,207,1,0,"0.25,0.23,0.12",-80.35175,02_06_23,20:43:21,43.37459,31,TowerR13,480,WF051801
4,211,3,0,"0.26,0.04,0.12",-80.35612,29_05_23,17:54:04,43.37776,37,TowerR04,482,RF051901
7,125,1,30,"0.26,0.05,0.12",-80.382,20_05_23,13:03:13,43.637,61,TowerW02,482,RF051901
2,75,2,0,"0.26,0.06,0.12",-80.35175,31_05_23,1:21:16,43.37459,31,TowerR13,482,RF051901
0,320,2,0,"0.26,0.05,0.13",-80.35464,19_05_23,10:28:09,43.3793259,32,TowerR01,482,RF051901
0,195,1,0,"0.26,0.05,0.13",-80.35464,19_05_23,10:28:50,43.3793259,32,TowerR01,482,RF051901
2,207,1,0,"0.26,0.06,0.13",-80.35175,30_05_23,10:54:24,43.37459,31,TowerR13,482,RF051901
3,75,2,0,"0.26,0.04,0.14",-80.35175,01_06_23,19:38:37,43.37459,31,TowerR13,482,RF051901
1,64,3,0,"0.25,0.05,0.13",-80.355795,17_05_23,19:03:23,43.376593,31,TowerR07,482,RF051901
4,132,3,0,"0.27,0.04,0.14",-80.35409,18_05_23,4:47:04,43.37637,31,TowerR11,482,RF051901
1,320,2,0,"0.27,0.05,0.14",-80.35464,31_05_23,5:44:30,43.3793259,31,TowerR01,482,RF051901
1,295,1,0,"0.26,0.05,0.21",-80.355795,18_05_23,5:14:49,43.376593,31,TowerR07,483,WF052301
2,75,2,0,"0.26,0.05,0.23",-80.35175,31_05_23,11:27:46,43.37459,31,TowerR13,483,WF052301
2,120,2,0,"0.25,0.05,0.22",-80.35665,19_05_23,0:05:27,43.379106,31,TowerR06,483,WF052301
5,115,1,96,"0.25,0.07,0.22",-80.35003,20_09_22,13:21:22,43.37438,127,Tower1,483,WF052301
1,246,2,0,"0.26,0.1,0.13",-80.375,03_06_23,9:15:23,43.629,33,TowerW13,484,WF052302
2,125,1,30,"0.26,0.1,0.14",-80.382,19_05_23,17:18:15,43.637,68,TowerW02,484,WF052302
20,23,3,0,"0.25,0.08,0.14",-80.35464,19_05_23,14:35:13,43.3793259,31,TowerR01,484,WF052302
31,320,2,0,"0.26,0.09,0.08",-80.35464,01_06_23,5:42:09,43.3793259,31,TowerR01,485,EF051913
2,23,3,0,"0.26,0.09,0.1",-80.35464,19_05_23,12:46:07,43.3793259,31,TowerR01,485,EF051913
8,320,2,0,"0.26,0.1,0.1",-80.35464,01_06_23,4:46:08,43.3793259,31,TowerR01,485,EF051913
7,23,3,0,"0.25,0.09,0.09",-80.35464,17_05_23,20:20:25,43.3793259,31,TowerR01,485,EF051913
1,320,2,0,"0.26,0.1,0.04",-80.35464,31_05_23,5:25:05,43.3793259,32,TowerR01,486,RF051906
4,75,2,0,"0.26,0.1,0.04",-80.35175,30_05_23,20:39:53,43.37459,31,TowerR13,486,RF051906
7,75,2,0,"0.26,0.11,0.05",-80.35175,19_05_23,17:33:10,43.37459,31,TowerR13,486,RF051906
1,75,2,0,"0.25,0.12,0.05",-80.35175,02_06_23,1:07:05,43.37459,31,TowerR13,486,RF051906
2,207,1,0,"0.26,0.13,0.24",-80.35175,31_05_23,20:54:49,43.37459,31,TowerR13,487,WF051803
23,211,3,0,"0.26,0.11,0.25",-80.35612,30_05_23,22:32:31,43.37776,31,TowerR04,487,WF051803
0,45,1,0,"0.26,0.13,0.06",-80.35665,18_05_23,3:10:50,43.379106,32,TowerR06,488,RP051702
1,320,2,0,"0.26,0.14,0.06",-80.35464,01_06_23,2:36:24,43.3793259,31,TowerR01,488,RP051702
2,23,3,0,"0.26,0.12,0.07",-80.35464,19_05_23,15:43:40,43.3793259,31,TowerR01,488,RP051702
5,75,2,0,"0.26,0.12,0.07",-80.35175,30_05_23,22:03:02,43.37459,31,TowerR13,488,RP051702
0,195,1,0,"0.26,0.13,0.07",-80.35464,17_05_23,15:30:22,43.3793259,34,TowerR01,488,RP051702
0,45,1,0,"0.26,0.13,0.07",-80.35665,17_05_23,15:32:26,43.379106,32,TowerR06,488,RP051702
1,246,2,0,"0.25,0.14,0.07",-80.375,31_05_23,11:57:06,43.629,32,TowerW13,488,RP051702
0,195,1,0,"0.26,0.15,0.18",-80.35464,17_05_23,13:02:54,43.3793259,31,TowerR01,489,RF051701
0,75,2,0,"0.26,0.15,0.19",-80.35175,01_06_23,19:40:03,43.37459,31,TowerR13,489,RF051701
6,75,2,0,"0.27,0.14,0.19",-80.35175,30_05_23,21:40:16,43.37459,31,TowerR13,489,RF051701
0,207,1,0,"0.26,0.15,0.27",-80.35175,31_05_23,10:22:51,43.37459,31,TowerR13,490,RF051902
6,75,2,0,"0.26,0.16,0.27",-80.35175,02_06_23,18:27:22,43.37459,32,TowerR13,490,RF051902
4,120,2,0,"0.27,0.16,0.26",-80.35665,30_05_23,6:05:44,43.379106,31,TowerR06,491,RF051911
0,207,1,0,"0.26,0.18,0.17",-80.35175,19_05_23,16:43:30,43.37459,32,TowerR13,492,WF052307
1,246,2,0,"0.27,0.17,0.17",-80.375,31_05_23,10:46:58,43.629,32,TowerW13,492,WF052307
3,132,3,0,"0.26,0.2,0.05",-80.35409,18_05_23,1:43:40,43.37637,31,TowerR11,493,WF052309
5,246,2,0,"0.26,0.2,0.05",-80.375,19_05_23,5:56:54,43.629,32,TowerW13,493,WF052309
0,195,1,0,"0.26,0.18,0.06",-80.35464,17_05_23,13:54:22,43.3793259,33,TowerR01,493,WF052309
3,65,2,0,"0.25,0.2,0.06",-80.381,18_05_23,13:40:31,43.633,31,TowerW09,493,WF052309
4,207,1,0,"0.25,0.2,0.06",-80.35175,31_05_23,18:08:52,43.37459,31,TowerR13,493,WF052309
0,320,2,0,"0.26,0.2,0.11",-80.35464,19_05_23,17:31:35,43.3793259,32,TowerR01,494,RF051918
3,75,2,0,"0.25,0.19,0.12",-80.35175,01_06_23,22:05:37,43.37459,32,TowerR13,494,RF051918
0,75,2,0,"0.25,0.2,0.12",-80.35175,01_06_23,12:12:02,43.37459,32,TowerR13,494,RF051918
3,75,2,0,"0.27,0.21,0.13",-80.35175,02_06_23,7:03:31,43.37459,32,TowerR13,494,RF051918
3,320,2,0,"0.26,0.2,0.21",-80.35464,18_05_23,22:49:29,43.3793259,31,TowerR01,495,RF051910
4,320,2,0,"0.26,0.2,0.22",-80.35464,30_05_23,7:13:14,43.3793259,31,TowerR01,495,RF051910
3,320,2,0,"0.26,0.2,0.21",-80.35464,18_05_23,22:49:29,43.3793259,31,TowerR01,496,WF052306
9,246,2,0,"0.26,0.22,0.03",-80.375,19_05_23,4:01:33,43.629,32,TowerW13,498,WF051802
2,23,3,0,"0.26,0.22,0.04",-80.35464,18_05_23,16:53:05,43.3793259,31,TowerR01,498,WF051802
7,125,1,30,"0.26,0.22,0.04",-80.382,20_05_23,8:38:33,43.637,66,TowerW02,498,WF051802
4,64,3,0,"0.26,0.22,0.04",-80.355795,17_05_23,13:16:43,43.376593,34,TowerR07,498,WF051802
0,246,2,0,"0.26,0.24,0.04",-80.375,21_05_23,14:36:12,43.629,31,TowerW13,498,WF051802
6,48,1,0,"0.26,0.24,0.05",-80.376,26_05_23,19:12:24,43.625,35,TowerW14,498,WF051802
3,75,2,0,"0.25,0.23,0.04",-80.35175,29_05_23,22:36:45,43.37459,31,TowerR13,498,WF051802
0,125,1,30,"0.27,0.22,0.05",-80.382,19_05_23,8:12:21,43.637,64,TowerW02,498,WF051802
1,75,2,0,"0.26,0.25,0.22",-80.35175,02_06_23,12:06:08,43.37459,31,TowerR13,501,RF051919
2,75,2,0,"0.04,0.25,0.26",-80.35175,19_05_23,0:21:13,43.37459,31,TowerR13,522,WF052305
0,224,2,43,"0.03,0.27,0.28",-80.382,20_05_23,3:23:32,43.637,100,TowerW02,523,WF051811
1,75,2,0,"0.04,0.28,0.22",-80.35175,30_05_23,0:01:25,43.37459,32,TowerR13,524,WF052310
4,246,2,0,"0.04,0.27,0.23",-80.375,18_05_23,12:12:38,43.629,31,TowerW13,524,WF052310
1,207,1,0,"0.03,0.27,0.23",-80.35175,18_05_23,15:36:35,43.37459,32,TowerR13,524,WF052310
4,246,2,0,"0.04,0.27,0.23",-80.375,18_05_23,12:12:38,43.629,31,TowerW13,525,RF051909
0,195,1,0,"0.04,0.28,0.25",-80.35464,19_05_23,12:16:24,43.3793259,32,TowerR01,525,RF051909
0,132,3,0,"0.04,0.28,0.25",-80.35409,18_05_23,7:19:36,43.37637,31,TowerR11,525,RF051909
4,150,3,0,"0.26,0.23,0.07",-80.376,26_05_23,19:13:02,43.625,31,TowerW14,497,WN051802
1,195,1,50,"0.26,0.21,0.08",-80.35464,04_06_23,8:53:31,43.3793259,87,TowerR14,497,WN051802
0,246,2,0,"0.26,0.22,0.08",-80.375,18_05_23,15:46:29,43.629,32,TowerW13,497,WN051802
2,75,2,0,"0.27,0.22,0.09",-80.35175,01_06_23,21:23:27,43.37459,31,TowerR13,497,WN051802
